e31ac046-62ff-409b-86a1-2b3123a7137f,location,waterOutputs,runoffToReach
2023-01-01T00:00:00,Middle_Agriculture_Soilwater,3.875898181818184,2.3255389090909104
2023-01-02T00:00:00,Middle_Agriculture_Soilwater,3.3532101818181843,2.0119261090909104
2023-01-03T00:00:00,Middle_Agriculture_Soilwater,2.8898600727272767,1.733916043636366
2023-01-04T00:00:00,Middle_Agriculture_Soilwater,2.4579213381818192,1.4747528029090915
2023-01-05T00:00:00,Middle_Agriculture_Soilwater,2.0864564770909055,1.2518738862545433
2023-01-06T00:00:00,Middle_Agriculture_Soilwater,1.7387853748363626,1.0432712249018175
2023-01-07T00:00:00,Middle_Agriculture_Soilwater,1.4588704737163596,0.8753222842298157
2023-01-08T00:00:00,Middle_Agriculture_Soilwater,1.2320816081629062,0.7392489648977437
2023-01-09T00:00:00,Middle_Agriculture_Soilwater,1.0381825382557055,0.6229095229534233
2023-01-10T00:00:00,Middle_Agriculture_Soilwater,0.839324284430137,0.5035945706580821
2023-01-11T00:00:00,Middle_Agriculture_Soilwater,0.676846401441668,0.4061078408650008
2023-01-12T00:00:00,Middle_Agriculture_Soilwater,0.5345435794793219,0.3207261476875931
2023-01-13T00:00:00,Middle_Agriculture_Soilwater,0.4143255851677566,0.24859535110065395
2023-01-14T00:00:00,Middle_Agriculture_Soilwater,0.3155548448327977,0.18933290689967863
2023-01-15T00:00:00,Middle_Agriculture_Soilwater,0.20152663307679292,0.12091597984607574
2023-01-16T00:00:00,Middle_Agriculture_Soilwater,0.08869033340547504,0.053214200043285025
2023-01-17T00:00:00,Middle_Agriculture_Soilwater,0.0,0.0
2023-01-18T00:00:00,Middle_Agriculture_Soilwater,0.0,0.0
2023-01-19T00:00:00,Middle_Agriculture_Soilwater,0.0,0.0
2023-01-20T00:00:00,Middle_Agriculture_Soilwater,0.0,0.0
2023-01-21T00:00:00,Middle_Agriculture_Soilwater,0.0,0.0
2023-01-22T00:00:00,Middle_Agriculture_Soilwater,0.0,0.0
2023-01-23T00:00:00,Middle_Agriculture_Soilwater,0.0,0.0
2023-01-24T00:00:00,Middle_Agriculture_Soilwater,0.0,0.0
2023-01-25T00:00:00,Middle_Agriculture_Soilwater,0.0,0.0
2023-01-26T00:00:00,Middle_Agriculture_Soilwater,0.0,0.0
2023-01-27T00:00:00,Middle_Agriculture_Soilwater,0.0,0.0
2023-01-28T00:00:00,Middle_Agriculture_Soilwater,0.0,0.0
2023-01-29T00:00:00,Middle_Agriculture_Soilwater,0.0,0.0
2023-01-30T00:00:00,Middle_Agriculture_Soilwater,0.0,0.0
2023-01-31T00:00:00,Middle_Agriculture_Soilwater,0.0,0.0
2023-02-01T00:00:00,Middle_Agriculture_Soilwater,0.0,0.0
2023-02-02T00:00:00,Middle_Agriculture_Soilwater,0.0,0.0
2023-02-03T00:00:00,Middle_Agriculture_Soilwater,0.0,0.0
2023-02-04T00:00:00,Middle_Agriculture_Soilwater,0.0,0.0
2023-02-05T00:00:00,Middle_Agriculture_Soilwater,0.0,0.0
2023-02-06T00:00:00,Middle_Agriculture_Soilwater,0.0,0.0
2023-02-07T00:00:00,Middle_Agriculture_Soilwater,0.0,0.0
2023-02-08T00:00:00,Middle_Agriculture_Soilwater,0.0,0.0
2023-02-09T00:00:00,Middle_Agriculture_Soilwater,0.0,0.0
2023-02-10T00:00:00,Middle_Agriculture_Soilwater,0.0,0.0
2023-02-11T00:00:00,Middle_Agriculture_Soilwater,0.0,0.0
2023-02-12T00:00:00,Middle_Agriculture_Soilwater,0.0,0.0
2023-02-13T00:00:00,Middle_Agriculture_Soilwater,0.0,0.0
2023-02-14T00:00:00,Middle_Agriculture_Soilwater,0.0,0.0
2023-02-15T00:00:00,Middle_Agriculture_Soilwater,0.0,0.0
2023-02-16T00:00:00,Middle_Agriculture_Soilwater,0.0,0.0
2023-02-17T00:00:00,Middle_Agriculture_Soilwater,0.0,0.0
2023-02-18T00:00:00,Middle_Agriculture_Soilwater,0.0,0.0
2023-02-19T00:00:00,Middle_Agriculture_Soilwater,0.0,0.0
2023-02-20T00:00:00,Middle_Agriculture_Soilwater,0.0,0.0
2023-02-21T00:00:00,Middle_Agriculture_Soilwater,0.0,0.0
2023-02-22T00:00:00,Middle_Agriculture_Soilwater,0.0,0.0
2023-02-23T00:00:00,Middle_Agriculture_Soilwater,0.0,0.0
2023-02-24T00:00:00,Middle_Agriculture_Soilwater,0.0,0.0
2023-02-25T00:00:00,Middle_Agriculture_Soilwater,0.0,0.0
2023-02-26T00:00:00,Middle_Agriculture_Soilwater,0.0,0.0
2023-02-27T00:00:00,Middle_Agriculture_Soilwater,0.0,0.0
2023-02-28T00:00:00,Middle_Agriculture_Soilwater,0.0,0.0
2023-03-01T00:00:00,Middle_Agriculture_Soilwater,0.0,0.0
2023-03-02T00:00:00,Middle_Agriculture_Soilwater,0.0,0.0
2023-03-03T00:00:00,Middle_Agriculture_Soilwater,0.0,0.0
2023-03-04T00:00:00,Middle_Agriculture_Soilwater,0.0,0.0
2023-03-05T00:00:00,Middle_Agriculture_Soilwater,0.0,0.0
2023-03-06T00:00:00,Middle_Agriculture_Soilwater,0.0,0.0
2023-03-07T00:00:00,Middle_Agriculture_Soilwater,0.0,0.0
2023-03-08T00:00:00,Middle_Agriculture_Soilwater,0.0,0.0
2023-03-09T00:00:00,Middle_Agriculture_Soilwater,0.0,0.0
2023-03-10T00:00:00,Middle_Agriculture_Soilwater,0.0,0.0
2023-03-11T00:00:00,Middle_Agriculture_Soilwater,0.0,0.0
2023-03-12T00:00:00,Middle_Agriculture_Soilwater,0.0,0.0
2023-03-13T00:00:00,Middle_Agriculture_Soilwater,0.0,0.0
2023-03-14T00:00:00,Middle_Agriculture_Soilwater,0.0,0.0
2023-03-15T00:00:00,Middle_Agriculture_Soilwater,0.0,0.0
2023-03-16T00:00:00,Middle_Agriculture_Soilwater,0.0,0.0
2023-03-17T00:00:00,Middle_Agriculture_Soilwater,0.0,0.0
2023-03-18T00:00:00,Middle_Agriculture_Soilwater,0.0,0.0
2023-03-19T00:00:00,Middle_Agriculture_Soilwater,0.0,0.0
2023-03-20T00:00:00,Middle_Agriculture_Soilwater,0.0,0.0
2023-03-21T00:00:00,Middle_Agriculture_Soilwater,0.0,0.0
2023-03-22T00:00:00,Middle_Agriculture_Soilwater,0.0,0.0
2023-03-23T00:00:00,Middle_Agriculture_Soilwater,0.0,0.0
2023-03-24T00:00:00,Middle_Agriculture_Soilwater,0.0,0.0
2023-03-25T00:00:00,Middle_Agriculture_Soilwater,0.0,0.0
2023-03-26T00:00:00,Middle_Agriculture_Soilwater,0.0,0.0
2023-03-27T00:00:00,Middle_Agriculture_Soilwater,0.0,0.0
2023-03-28T00:00:00,Middle_Agriculture_Soilwater,0.0,0.0
2023-03-29T00:00:00,Middle_Agriculture_Soilwater,0.0,0.0
2023-03-30T00:00:00,Middle_Agriculture_Soilwater,0.0,0.0
2023-03-31T00:00:00,Middle_Agriculture_Soilwater,0.0,0.0
2023-04-01T00:00:00,Middle_Agriculture_Soilwater,0.0,0.0
2023-04-02T00:00:00,Middle_Agriculture_Soilwater,0.0,0.0
2023-04-03T00:00:00,Middle_Agriculture_Soilwater,0.0,0.0
2023-04-04T00:00:00,Middle_Agriculture_Soilwater,0.0,0.0
2023-04-05T00:00:00,Middle_Agriculture_Soilwater,0.0,0.0
2023-04-06T00:00:00,Middle_Agriculture_Soilwater,0.0,0.0
2023-04-07T00:00:00,Middle_Agriculture_Soilwater,0.0,0.0
2023-04-08T00:00:00,Middle_Agriculture_Soilwater,0.0,0.0
2023-04-09T00:00:00,Middle_Agriculture_Soilwater,0.0,0.0
2023-04-10T00:00:00,Middle_Agriculture_Soilwater,0.0,0.0
2023-04-11T00:00:00,Middle_Agriculture_Soilwater,0.0,0.0
2023-04-12T00:00:00,Middle_Agriculture_Soilwater,0.0,0.0
2023-04-13T00:00:00,Middle_Agriculture_Soilwater,0.0,0.0
2023-04-14T00:00:00,Middle_Agriculture_Soilwater,0.0,0.0
2023-04-15T00:00:00,Middle_Agriculture_Soilwater,0.0,0.0
2023-04-16T00:00:00,Middle_Agriculture_Soilwater,0.0,0.0
2023-04-17T00:00:00,Middle_Agriculture_Soilwater,0.0,0.0
2023-04-18T00:00:00,Middle_Agriculture_Soilwater,0.0,0.0
2023-04-19T00:00:00,Middle_Agriculture_Soilwater,0.0,0.0
2023-04-20T00:00:00,Middle_Agriculture_Soilwater,0.0,0.0
2023-04-21T00:00:00,Middle_Agriculture_Soilwater,0.0,0.0
2023-04-22T00:00:00,Middle_Agriculture_Soilwater,0.0,0.0
2023-04-23T00:00:00,Middle_Agriculture_Soilwater,0.0,0.0
2023-04-24T00:00:00,Middle_Agriculture_Soilwater,0.0,0.0
2023-04-25T00:00:00,Middle_Agriculture_Soilwater,0.0,0.0
2023-04-26T00:00:00,Middle_Agriculture_Soilwater,0.0,0.0
2023-04-27T00:00:00,Middle_Agriculture_Soilwater,0.0,0.0
2023-04-28T00:00:00,Middle_Agriculture_Soilwater,0.0,0.0
2023-04-29T00:00:00,Middle_Agriculture_Soilwater,0.0,0.0
2023-04-30T00:00:00,Middle_Agriculture_Soilwater,0.0,0.0
2023-05-01T00:00:00,Middle_Agriculture_Soilwater,0.0,0.0
2023-05-02T00:00:00,Middle_Agriculture_Soilwater,0.0,0.0
2023-05-03T00:00:00,Middle_Agriculture_Soilwater,0.0,0.0
2023-05-04T00:00:00,Middle_Agriculture_Soilwater,0.0,0.0
2023-05-05T00:00:00,Middle_Agriculture_Soilwater,0.0,0.0
2023-05-06T00:00:00,Middle_Agriculture_Soilwater,0.0,0.0
2023-05-07T00:00:00,Middle_Agriculture_Soilwater,0.0,0.0
2023-05-08T00:00:00,Middle_Agriculture_Soilwater,0.0,0.0
2023-05-09T00:00:00,Middle_Agriculture_Soilwater,0.0,0.0
2023-05-10T00:00:00,Middle_Agriculture_Soilwater,0.0,0.0
2023-05-11T00:00:00,Middle_Agriculture_Soilwater,0.0,0.0
2023-05-12T00:00:00,Middle_Agriculture_Soilwater,0.0,0.0
2023-05-13T00:00:00,Middle_Agriculture_Soilwater,0.0,0.0
2023-05-14T00:00:00,Middle_Agriculture_Soilwater,0.0,0.0
2023-05-15T00:00:00,Middle_Agriculture_Soilwater,0.0,0.0
2023-05-16T00:00:00,Middle_Agriculture_Soilwater,0.0,0.0
2023-05-17T00:00:00,Middle_Agriculture_Soilwater,0.0,0.0
2023-05-18T00:00:00,Middle_Agriculture_Soilwater,0.0,0.0
2023-05-19T00:00:00,Middle_Agriculture_Soilwater,0.0,0.0
2023-05-20T00:00:00,Middle_Agriculture_Soilwater,0.0,0.0
2023-05-21T00:00:00,Middle_Agriculture_Soilwater,0.0,0.0
2023-05-22T00:00:00,Middle_Agriculture_Soilwater,0.0,0.0
2023-05-23T00:00:00,Middle_Agriculture_Soilwater,0.0,0.0
2023-05-24T00:00:00,Middle_Agriculture_Soilwater,0.0,0.0
2023-05-25T00:00:00,Middle_Agriculture_Soilwater,0.0,0.0
2023-05-26T00:00:00,Middle_Agriculture_Soilwater,0.0,0.0
2023-05-27T00:00:00,Middle_Agriculture_Soilwater,0.0,0.0
2023-05-28T00:00:00,Middle_Agriculture_Soilwater,0.0,0.0
2023-05-29T00:00:00,Middle_Agriculture_Soilwater,0.0,0.0
2023-05-30T00:00:00,Middle_Agriculture_Soilwater,0.0,0.0
2023-05-31T00:00:00,Middle_Agriculture_Soilwater,0.0,0.0
2023-06-01T00:00:00,Middle_Agriculture_Soilwater,0.0,0.0
2023-06-02T00:00:00,Middle_Agriculture_Soilwater,0.0,0.0
2023-06-03T00:00:00,Middle_Agriculture_Soilwater,0.0,0.0
2023-06-04T00:00:00,Middle_Agriculture_Soilwater,0.0,0.0
2023-06-05T00:00:00,Middle_Agriculture_Soilwater,0.0,0.0
2023-06-06T00:00:00,Middle_Agriculture_Soilwater,0.0,0.0
2023-06-07T00:00:00,Middle_Agriculture_Soilwater,0.0,0.0
2023-06-08T00:00:00,Middle_Agriculture_Soilwater,0.0,0.0
2023-06-09T00:00:00,Middle_Agriculture_Soilwater,0.0,0.0
2023-06-10T00:00:00,Middle_Agriculture_Soilwater,0.0,0.0
2023-06-11T00:00:00,Middle_Agriculture_Soilwater,0.0,0.0
2023-06-12T00:00:00,Middle_Agriculture_Soilwater,0.0,0.0
2023-06-13T00:00:00,Middle_Agriculture_Soilwater,0.0,0.0
2023-06-14T00:00:00,Middle_Agriculture_Soilwater,0.0,0.0
2023-06-15T00:00:00,Middle_Agriculture_Soilwater,0.0,0.0
2023-06-16T00:00:00,Middle_Agriculture_Soilwater,0.0,0.0
2023-06-17T00:00:00,Middle_Agriculture_Soilwater,0.0,0.0
2023-06-18T00:00:00,Middle_Agriculture_Soilwater,0.0,0.0
2023-06-19T00:00:00,Middle_Agriculture_Soilwater,0.0,0.0
2023-06-20T00:00:00,Middle_Agriculture_Soilwater,0.0,0.0
2023-06-21T00:00:00,Middle_Agriculture_Soilwater,0.0,0.0
2023-06-22T00:00:00,Middle_Agriculture_Soilwater,0.0,0.0
2023-06-23T00:00:00,Middle_Agriculture_Soilwater,0.0,0.0
2023-06-24T00:00:00,Middle_Agriculture_Soilwater,0.0,0.0
2023-06-25T00:00:00,Middle_Agriculture_Soilwater,0.0,0.0
2023-06-26T00:00:00,Middle_Agriculture_Soilwater,0.0,0.0
2023-06-27T00:00:00,Middle_Agriculture_Soilwater,0.0,0.0
2023-06-28T00:00:00,Middle_Agriculture_Soilwater,0.0,0.0
2023-06-29T00:00:00,Middle_Agriculture_Soilwater,0.0,0.0
2023-06-30T00:00:00,Middle_Agriculture_Soilwater,0.0,0.0
2023-07-01T00:00:00,Middle_Agriculture_Soilwater,0.0,0.0
2023-07-02T00:00:00,Middle_Agriculture_Soilwater,0.0,0.0
2023-07-03T00:00:00,Middle_Agriculture_Soilwater,0.0,0.0
2023-07-04T00:00:00,Middle_Agriculture_Soilwater,0.0,0.0
2023-07-05T00:00:00,Middle_Agriculture_Soilwater,0.0,0.0
2023-07-06T00:00:00,Middle_Agriculture_Soilwater,0.0,0.0
2023-07-07T00:00:00,Middle_Agriculture_Soilwater,0.0,0.0
2023-07-08T00:00:00,Middle_Agriculture_Soilwater,0.0,0.0
2023-07-09T00:00:00,Middle_Agriculture_Soilwater,0.0,0.0
2023-07-10T00:00:00,Middle_Agriculture_Soilwater,0.0,0.0
2023-07-11T00:00:00,Middle_Agriculture_Soilwater,0.0,0.0
2023-07-12T00:00:00,Middle_Agriculture_Soilwater,0.0,0.0
2023-07-13T00:00:00,Middle_Agriculture_Soilwater,0.0,0.0
2023-07-14T00:00:00,Middle_Agriculture_Soilwater,0.0,0.0
2023-07-15T00:00:00,Middle_Agriculture_Soilwater,0.0,0.0
2023-07-16T00:00:00,Middle_Agriculture_Soilwater,0.0,0.0
2023-07-17T00:00:00,Middle_Agriculture_Soilwater,0.0,0.0
2023-07-18T00:00:00,Middle_Agriculture_Soilwater,0.0,0.0
2023-07-19T00:00:00,Middle_Agriculture_Soilwater,0.0,0.0
2023-07-20T00:00:00,Middle_Agriculture_Soilwater,0.0,0.0
2023-07-21T00:00:00,Middle_Agriculture_Soilwater,0.0,0.0
2023-07-22T00:00:00,Middle_Agriculture_Soilwater,0.0,0.0
2023-07-23T00:00:00,Middle_Agriculture_Soilwater,0.0,0.0
2023-07-24T00:00:00,Middle_Agriculture_Soilwater,0.0,0.0
2023-07-25T00:00:00,Middle_Agriculture_Soilwater,0.0,0.0
2023-07-26T00:00:00,Middle_Agriculture_Soilwater,0.0,0.0
2023-07-27T00:00:00,Middle_Agriculture_Soilwater,0.0,0.0
2023-07-28T00:00:00,Middle_Agriculture_Soilwater,0.0,0.0
2023-07-29T00:00:00,Middle_Agriculture_Soilwater,0.0,0.0
2023-07-30T00:00:00,Middle_Agriculture_Soilwater,0.0,0.0
2023-07-31T00:00:00,Middle_Agriculture_Soilwater,0.0,0.0
2023-08-01T00:00:00,Middle_Agriculture_Soilwater,0.0,0.0
2023-08-02T00:00:00,Middle_Agriculture_Soilwater,0.0,0.0
2023-08-03T00:00:00,Middle_Agriculture_Soilwater,0.0,0.0
2023-08-04T00:00:00,Middle_Agriculture_Soilwater,0.0,0.0
2023-08-05T00:00:00,Middle_Agriculture_Soilwater,0.0,0.0
2023-08-06T00:00:00,Middle_Agriculture_Soilwater,0.0,0.0
2023-08-07T00:00:00,Middle_Agriculture_Soilwater,0.0,0.0
2023-08-08T00:00:00,Middle_Agriculture_Soilwater,0.0,0.0
2023-08-09T00:00:00,Middle_Agriculture_Soilwater,0.0,0.0
2023-08-10T00:00:00,Middle_Agriculture_Soilwater,0.0,0.0
2023-08-11T00:00:00,Middle_Agriculture_Soilwater,0.0,0.0
2023-08-12T00:00:00,Middle_Agriculture_Soilwater,0.0,0.0
2023-08-13T00:00:00,Middle_Agriculture_Soilwater,0.0,0.0
2023-08-14T00:00:00,Middle_Agriculture_Soilwater,0.0,0.0
2023-08-15T00:00:00,Middle_Agriculture_Soilwater,0.0,0.0
2023-08-16T00:00:00,Middle_Agriculture_Soilwater,0.0,0.0
2023-08-17T00:00:00,Middle_Agriculture_Soilwater,0.0,0.0
2023-08-18T00:00:00,Middle_Agriculture_Soilwater,0.0,0.0
2023-08-19T00:00:00,Middle_Agriculture_Soilwater,0.0,0.0
2023-08-20T00:00:00,Middle_Agriculture_Soilwater,0.0,0.0
2023-08-21T00:00:00,Middle_Agriculture_Soilwater,0.0,0.0
2023-08-22T00:00:00,Middle_Agriculture_Soilwater,0.0,0.0
2023-08-23T00:00:00,Middle_Agriculture_Soilwater,0.0,0.0
2023-08-24T00:00:00,Middle_Agriculture_Soilwater,0.0,0.0
2023-08-25T00:00:00,Middle_Agriculture_Soilwater,0.0,0.0
2023-08-26T00:00:00,Middle_Agriculture_Soilwater,0.0,0.0
2023-08-27T00:00:00,Middle_Agriculture_Soilwater,0.0,0.0
2023-08-28T00:00:00,Middle_Agriculture_Soilwater,0.0,0.0
2023-08-29T00:00:00,Middle_Agriculture_Soilwater,0.0,0.0
2023-08-30T00:00:00,Middle_Agriculture_Soilwater,0.0,0.0
2023-08-31T00:00:00,Middle_Agriculture_Soilwater,0.0,0.0
2023-09-01T00:00:00,Middle_Agriculture_Soilwater,0.0,0.0
2023-09-02T00:00:00,Middle_Agriculture_Soilwater,0.0,0.0
2023-09-03T00:00:00,Middle_Agriculture_Soilwater,0.0,0.0
2023-09-04T00:00:00,Middle_Agriculture_Soilwater,0.0,0.0
2023-09-05T00:00:00,Middle_Agriculture_Soilwater,0.0,0.0
2023-09-06T00:00:00,Middle_Agriculture_Soilwater,0.0,0.0
2023-09-07T00:00:00,Middle_Agriculture_Soilwater,0.0,0.0
2023-09-08T00:00:00,Middle_Agriculture_Soilwater,0.0,0.0
2023-09-09T00:00:00,Middle_Agriculture_Soilwater,0.0,0.0
2023-09-10T00:00:00,Middle_Agriculture_Soilwater,0.0,0.0
2023-09-11T00:00:00,Middle_Agriculture_Soilwater,0.0,0.0
2023-09-12T00:00:00,Middle_Agriculture_Soilwater,0.0,0.0
2023-09-13T00:00:00,Middle_Agriculture_Soilwater,0.0,0.0
2023-09-14T00:00:00,Middle_Agriculture_Soilwater,0.0,0.0
2023-09-15T00:00:00,Middle_Agriculture_Soilwater,0.0,0.0
2023-09-16T00:00:00,Middle_Agriculture_Soilwater,0.0,0.0
2023-09-17T00:00:00,Middle_Agriculture_Soilwater,0.0,0.0
2023-09-18T00:00:00,Middle_Agriculture_Soilwater,0.0,0.0
2023-09-19T00:00:00,Middle_Agriculture_Soilwater,0.0,0.0
2023-09-20T00:00:00,Middle_Agriculture_Soilwater,0.0,0.0
2023-09-21T00:00:00,Middle_Agriculture_Soilwater,0.0,0.0
2023-09-22T00:00:00,Middle_Agriculture_Soilwater,0.0,0.0
2023-09-23T00:00:00,Middle_Agriculture_Soilwater,0.0,0.0
2023-09-24T00:00:00,Middle_Agriculture_Soilwater,0.0,0.0
2023-09-25T00:00:00,Middle_Agriculture_Soilwater,0.0,0.0
2023-09-26T00:00:00,Middle_Agriculture_Soilwater,0.0,0.0
2023-09-27T00:00:00,Middle_Agriculture_Soilwater,0.0,0.0
2023-09-28T00:00:00,Middle_Agriculture_Soilwater,0.0,0.0
2023-09-29T00:00:00,Middle_Agriculture_Soilwater,0.0,0.0
2023-09-30T00:00:00,Middle_Agriculture_Soilwater,0.0,0.0
2023-10-01T00:00:00,Middle_Agriculture_Soilwater,0.0,0.0
2023-10-02T00:00:00,Middle_Agriculture_Soilwater,0.0,0.0
2023-10-03T00:00:00,Middle_Agriculture_Soilwater,0.0,0.0
2023-10-04T00:00:00,Middle_Agriculture_Soilwater,0.0,0.0
2023-10-05T00:00:00,Middle_Agriculture_Soilwater,0.0,0.0
2023-10-06T00:00:00,Middle_Agriculture_Soilwater,0.0,0.0
2023-10-07T00:00:00,Middle_Agriculture_Soilwater,0.0,0.0
2023-10-08T00:00:00,Middle_Agriculture_Soilwater,0.0,0.0
2023-10-09T00:00:00,Middle_Agriculture_Soilwater,0.0,0.0
2023-10-10T00:00:00,Middle_Agriculture_Soilwater,0.0,0.0
2023-10-11T00:00:00,Middle_Agriculture_Soilwater,0.0,0.0
2023-10-12T00:00:00,Middle_Agriculture_Soilwater,0.0,0.0
2023-10-13T00:00:00,Middle_Agriculture_Soilwater,0.0,0.0
2023-10-14T00:00:00,Middle_Agriculture_Soilwater,0.0,0.0
2023-10-15T00:00:00,Middle_Agriculture_Soilwater,0.0,0.0
2023-10-16T00:00:00,Middle_Agriculture_Soilwater,0.0,0.0
2023-10-17T00:00:00,Middle_Agriculture_Soilwater,0.0,0.0
2023-10-18T00:00:00,Middle_Agriculture_Soilwater,0.0,0.0
2023-10-19T00:00:00,Middle_Agriculture_Soilwater,0.0,0.0
2023-10-20T00:00:00,Middle_Agriculture_Soilwater,0.0,0.0
2023-10-21T00:00:00,Middle_Agriculture_Soilwater,0.0,0.0
2023-10-22T00:00:00,Middle_Agriculture_Soilwater,0.0,0.0
2023-10-23T00:00:00,Middle_Agriculture_Soilwater,0.0,0.0
2023-10-24T00:00:00,Middle_Agriculture_Soilwater,0.0,0.0
2023-10-25T00:00:00,Middle_Agriculture_Soilwater,0.0,0.0
2023-10-26T00:00:00,Middle_Agriculture_Soilwater,0.0,0.0
2023-10-27T00:00:00,Middle_Agriculture_Soilwater,0.0,0.0
2023-10-28T00:00:00,Middle_Agriculture_Soilwater,0.0,0.0
2023-10-29T00:00:00,Middle_Agriculture_Soilwater,0.0,0.0
2023-10-30T00:00:00,Middle_Agriculture_Soilwater,0.0,0.0
2023-10-31T00:00:00,Middle_Agriculture_Soilwater,0.0,0.0
2023-11-01T00:00:00,Middle_Agriculture_Soilwater,0.0,0.0
2023-11-02T00:00:00,Middle_Agriculture_Soilwater,0.0,0.0
2023-11-03T00:00:00,Middle_Agriculture_Soilwater,0.0,0.0
2023-11-04T00:00:00,Middle_Agriculture_Soilwater,0.0,0.0
2023-11-05T00:00:00,Middle_Agriculture_Soilwater,0.0,0.0
2023-11-06T00:00:00,Middle_Agriculture_Soilwater,0.0,0.0
2023-11-07T00:00:00,Middle_Agriculture_Soilwater,0.0,0.0
2023-11-08T00:00:00,Middle_Agriculture_Soilwater,0.0,0.0
2023-11-09T00:00:00,Middle_Agriculture_Soilwater,0.0,0.0
2023-11-10T00:00:00,Middle_Agriculture_Soilwater,0.0,0.0
2023-11-11T00:00:00,Middle_Agriculture_Soilwater,0.0,0.0
2023-11-12T00:00:00,Middle_Agriculture_Soilwater,0.0,0.0
2023-11-13T00:00:00,Middle_Agriculture_Soilwater,0.0,0.0
2023-11-14T00:00:00,Middle_Agriculture_Soilwater,0.0,0.0
2023-11-15T00:00:00,Middle_Agriculture_Soilwater,0.0,0.0
2023-11-16T00:00:00,Middle_Agriculture_Soilwater,0.0,0.0
2023-11-17T00:00:00,Middle_Agriculture_Soilwater,0.0,0.0
2023-11-18T00:00:00,Middle_Agriculture_Soilwater,0.0,0.0
2023-11-19T00:00:00,Middle_Agriculture_Soilwater,0.0,0.0
2023-11-20T00:00:00,Middle_Agriculture_Soilwater,0.0,0.0
2023-11-21T00:00:00,Middle_Agriculture_Soilwater,0.0,0.0
2023-11-22T00:00:00,Middle_Agriculture_Soilwater,0.0,0.0
2023-11-23T00:00:00,Middle_Agriculture_Soilwater,0.0,0.0
2023-11-24T00:00:00,Middle_Agriculture_Soilwater,0.0,0.0
2023-11-25T00:00:00,Middle_Agriculture_Soilwater,0.0,0.0
2023-11-26T00:00:00,Middle_Agriculture_Soilwater,0.0,0.0
2023-11-27T00:00:00,Middle_Agriculture_Soilwater,0.0,0.0
2023-11-28T00:00:00,Middle_Agriculture_Soilwater,0.0,0.0
2023-11-29T00:00:00,Middle_Agriculture_Soilwater,0.0,0.0
2023-11-30T00:00:00,Middle_Agriculture_Soilwater,0.0,0.0
2023-12-01T00:00:00,Middle_Agriculture_Soilwater,0.0,0.0
2023-12-02T00:00:00,Middle_Agriculture_Soilwater,0.0,0.0
2023-12-03T00:00:00,Middle_Agriculture_Soilwater,0.0,0.0
2023-12-04T00:00:00,Middle_Agriculture_Soilwater,0.0,0.0
2023-12-05T00:00:00,Middle_Agriculture_Soilwater,0.0,0.0
2023-12-06T00:00:00,Middle_Agriculture_Soilwater,0.0,0.0
2023-12-07T00:00:00,Middle_Agriculture_Soilwater,0.0,0.0
2023-12-08T00:00:00,Middle_Agriculture_Soilwater,0.0,0.0
2023-12-09T00:00:00,Middle_Agriculture_Soilwater,0.0,0.0
2023-12-10T00:00:00,Middle_Agriculture_Soilwater,0.0,0.0
2023-12-11T00:00:00,Middle_Agriculture_Soilwater,0.0,0.0
2023-12-12T00:00:00,Middle_Agriculture_Soilwater,0.0,0.0
2023-12-13T00:00:00,Middle_Agriculture_Soilwater,0.0,0.0
2023-12-14T00:00:00,Middle_Agriculture_Soilwater,0.0,0.0
2023-12-15T00:00:00,Middle_Agriculture_Soilwater,0.0,0.0
2023-12-16T00:00:00,Middle_Agriculture_Soilwater,0.0,0.0
2023-12-17T00:00:00,Middle_Agriculture_Soilwater,0.0,0.0
2023-12-18T00:00:00,Middle_Agriculture_Soilwater,0.0,0.0
2023-12-19T00:00:00,Middle_Agriculture_Soilwater,0.0,0.0
2023-12-20T00:00:00,Middle_Agriculture_Soilwater,0.0,0.0
2023-12-21T00:00:00,Middle_Agriculture_Soilwater,0.0,0.0
2023-12-22T00:00:00,Middle_Agriculture_Soilwater,0.0,0.0
2023-12-23T00:00:00,Middle_Agriculture_Soilwater,0.0,0.0
2023-12-24T00:00:00,Middle_Agriculture_Soilwater,0.0,0.0
2023-12-25T00:00:00,Middle_Agriculture_Soilwater,0.0,0.0
2023-12-26T00:00:00,Middle_Agriculture_Soilwater,0.0,0.0
2023-12-27T00:00:00,Middle_Agriculture_Soilwater,0.0,0.0
2023-12-28T00:00:00,Middle_Agriculture_Soilwater,0.0,0.0
2023-12-29T00:00:00,Middle_Agriculture_Soilwater,0.0,0.0
2023-12-30T00:00:00,Middle_Agriculture_Soilwater,0.0,0.0
2023-12-31T00:00:00,Middle_Agriculture_Soilwater,0.0,0.0
2024-01-01T00:00:00,Middle_Agriculture_Soilwater,0.0,0.0
2024-01-02T00:00:00,Middle_Agriculture_Soilwater,0.0,0.0
2024-01-03T00:00:00,Middle_Agriculture_Soilwater,0.0,0.0
2024-01-04T00:00:00,Middle_Agriculture_Soilwater,0.0,0.0
2024-01-05T00:00:00,Middle_Agriculture_Soilwater,0.0,0.0
2024-01-06T00:00:00,Middle_Agriculture_Soilwater,0.0,0.0
2024-01-07T00:00:00,Middle_Agriculture_Soilwater,0.0,0.0
2024-01-08T00:00:00,Middle_Agriculture_Soilwater,0.0,0.0
2024-01-09T00:00:00,Middle_Agriculture_Soilwater,0.0,0.0
2024-01-10T00:00:00,Middle_Agriculture_Soilwater,0.0,0.0
2024-01-11T00:00:00,Middle_Agriculture_Soilwater,0.0,0.0
2024-01-12T00:00:00,Middle_Agriculture_Soilwater,0.0,0.0
2024-01-13T00:00:00,Middle_Agriculture_Soilwater,0.0,0.0
2024-01-14T00:00:00,Middle_Agriculture_Soilwater,0.0,0.0
2024-01-15T00:00:00,Middle_Agriculture_Soilwater,0.0,0.0
2024-01-16T00:00:00,Middle_Agriculture_Soilwater,0.0,0.0
2024-01-17T00:00:00,Middle_Agriculture_Soilwater,0.0,0.0
2024-01-18T00:00:00,Middle_Agriculture_Soilwater,0.0,0.0
2024-01-19T00:00:00,Middle_Agriculture_Soilwater,0.0,0.0
2024-01-20T00:00:00,Middle_Agriculture_Soilwater,0.0,0.0
2024-01-21T00:00:00,Middle_Agriculture_Soilwater,0.0,0.0
2024-01-22T00:00:00,Middle_Agriculture_Soilwater,0.0,0.0
2024-01-23T00:00:00,Middle_Agriculture_Soilwater,0.0,0.0
2024-01-24T00:00:00,Middle_Agriculture_Soilwater,0.0,0.0
2024-01-25T00:00:00,Middle_Agriculture_Soilwater,0.0,0.0
2024-01-26T00:00:00,Middle_Agriculture_Soilwater,0.0,0.0
2024-01-27T00:00:00,Middle_Agriculture_Soilwater,0.0,0.0
2024-01-28T00:00:00,Middle_Agriculture_Soilwater,0.0,0.0
2024-01-29T00:00:00,Middle_Agriculture_Soilwater,0.0,0.0
2024-01-30T00:00:00,Middle_Agriculture_Soilwater,0.0,0.0
2024-01-31T00:00:00,Middle_Agriculture_Soilwater,0.0,0.0
2024-02-01T00:00:00,Middle_Agriculture_Soilwater,0.011287262528105657,0.006772357516863395
2024-02-02T00:00:00,Middle_Agriculture_Soilwater,0.04659276297039697,0.02795565778223818
2024-02-03T00:00:00,Middle_Agriculture_Soilwater,0.06035047251712627,0.03621028351027576
2024-02-04T00:00:00,Middle_Agriculture_Soilwater,0.08502889434298595,0.05101733660579157
2024-02-05T00:00:00,Middle_Agriculture_Soilwater,0.11437903616941299,0.06862742170164779
2024-02-06T00:00:00,Middle_Agriculture_Soilwater,0.12931140614167022,0.07758684368500213
2024-02-07T00:00:00,Middle_Agriculture_Soilwater,0.1471040572123286,0.08826243432739717
2024-02-08T00:00:00,Middle_Agriculture_Soilwater,0.14629960946198253,0.08777976567718952
2024-02-09T00:00:00,Middle_Agriculture_Soilwater,0.1522751925077671,0.09136511550466027
2024-02-10T00:00:00,Middle_Agriculture_Soilwater,0.1705162992134092,0.10230977952804551
2024-02-11T00:00:00,Middle_Agriculture_Soilwater,0.12939879628921178,0.07763927777352707
2024-02-12T00:00:00,Middle_Agriculture_Soilwater,0.08389272186680614,0.050335633120083684
2024-02-13T00:00:00,Middle_Agriculture_Soilwater,0.06096041982054317,0.0365762518923259
2024-02-14T00:00:00,Middle_Agriculture_Soilwater,0.06211892369213388,0.03727135421528033
2024-02-15T00:00:00,Middle_Agriculture_Soilwater,0.01430303168210685,0.00858181900926411
2024-02-16T00:00:00,Middle_Agriculture_Soilwater,0.0,0.0
2024-02-17T00:00:00,Middle_Agriculture_Soilwater,0.0,0.0
2024-02-18T00:00:00,Middle_Agriculture_Soilwater,0.0,0.0
2024-02-19T00:00:00,Middle_Agriculture_Soilwater,0.0,0.0
2024-02-20T00:00:00,Middle_Agriculture_Soilwater,0.0,0.0
2024-02-21T00:00:00,Middle_Agriculture_Soilwater,0.0,0.0
2024-02-22T00:00:00,Middle_Agriculture_Soilwater,0.0,0.0
2024-02-23T00:00:00,Middle_Agriculture_Soilwater,0.0,0.0
2024-02-24T00:00:00,Middle_Agriculture_Soilwater,0.0,0.0
2024-02-25T00:00:00,Middle_Agriculture_Soilwater,0.0,0.0
2024-02-26T00:00:00,Middle_Agriculture_Soilwater,0.0,0.0
2024-02-27T00:00:00,Middle_Agriculture_Soilwater,0.0,0.0
2024-02-28T00:00:00,Middle_Agriculture_Soilwater,0.0,0.0
2024-02-29T00:00:00,Middle_Agriculture_Soilwater,0.0,0.0
2024-03-01T00:00:00,Middle_Agriculture_Soilwater,0.0,0.0
2024-03-02T00:00:00,Middle_Agriculture_Soilwater,0.0,0.0
2024-03-03T00:00:00,Middle_Agriculture_Soilwater,0.12037008603240906,0.07222205161944543
2024-03-04T00:00:00,Middle_Agriculture_Soilwater,0.23518620629657222,0.14111172377794332
2024-03-05T00:00:00,Middle_Agriculture_Soilwater,0.3258354016475835,0.1955012409885501
2024-03-06T00:00:00,Middle_Agriculture_Soilwater,0.4370428958654259,0.26222573751925554
2024-03-07T00:00:00,Middle_Agriculture_Soilwater,0.5712887190414051,0.34277323142484306
2024-03-08T00:00:00,Middle_Agriculture_Soilwater,0.6614334940780737,0.3968600964468442
2024-03-09T00:00:00,Middle_Agriculture_Soilwater,0.7480546087351798,0.4488327652411079
2024-03-10T00:00:00,Middle_Agriculture_Soilwater,0.8107371655200893,0.48644229931205357
2024-03-11T00:00:00,Middle_Agriculture_Soilwater,0.8678426648606603,0.5207055989163961
2024-03-12T00:00:00,Middle_Agriculture_Soilwater,0.9054196926779128,0.5432518156067476
2024-03-13T00:00:00,Middle_Agriculture_Soilwater,0.9600901610103847,0.5760540966062307
2024-03-14T00:00:00,Middle_Agriculture_Soilwater,0.9990137932950405,0.5994082759770243
2024-03-15T00:00:00,Middle_Agriculture_Soilwater,1.0205517975126612,0.6123310785075967
2024-03-16T00:00:00,Middle_Agriculture_Soilwater,1.0353920629538038,0.6212352377722823
2024-03-17T00:00:00,Middle_Agriculture_Soilwater,1.034596939149776,0.6207581634898656
2024-03-18T00:00:00,Middle_Agriculture_Soilwater,1.0204461922042924,0.6122677153225754
2024-03-19T00:00:00,Middle_Agriculture_Soilwater,1.0081098070745895,0.6048658842447537
2024-03-20T00:00:00,Middle_Agriculture_Soilwater,1.0124769643215075,0.6074861785929044
2024-03-21T00:00:00,Middle_Agriculture_Soilwater,1.0109950465937516,0.6065970279562509
2024-03-22T00:00:00,Middle_Agriculture_Soilwater,1.0031407427683348,0.6018844456610009
2024-03-23T00:00:00,Middle_Agriculture_Soilwater,1.0006564401511526,0.6003938640906915
2024-03-24T00:00:00,Middle_Agriculture_Soilwater,0.993121226993361,0.5958727361960166
2024-03-25T00:00:00,Middle_Agriculture_Soilwater,0.985945401156522,0.5915672406939132
2024-03-26T00:00:00,Middle_Agriculture_Soilwater,0.9865520736716633,0.5919312442029979
2024-03-27T00:00:00,Middle_Agriculture_Soilwater,1.0013983213085795,0.6008389927851477
2024-03-28T00:00:00,Middle_Agriculture_Soilwater,1.009144344135939,0.6054866064815633
2024-03-29T00:00:00,Middle_Agriculture_Soilwater,1.0043846337301887,0.6026307802381132
2024-03-30T00:00:00,Middle_Agriculture_Soilwater,1.0180548765096888,0.6108329259058133
2024-03-31T00:00:00,Middle_Agriculture_Soilwater,1.0109872243959899,0.6065923346375939
2024-04-01T00:00:00,Middle_Agriculture_Soilwater,0.9765183721217512,0.5859110232730507
2024-04-02T00:00:00,Middle_Agriculture_Soilwater,0.9643359635129457,0.5786015781077674
2024-04-03T00:00:00,Middle_Agriculture_Soilwater,0.9275448529046856,0.5565269117428113
2024-04-04T00:00:00,Middle_Agriculture_Soilwater,0.906141332055671,0.5436847992334026
2024-04-05T00:00:00,Middle_Agriculture_Soilwater,0.8955925213928708,0.5373555128357225
2024-04-06T00:00:00,Middle_Agriculture_Soilwater,0.8552353322693478,0.5131411993616086
2024-04-07T00:00:00,Middle_Agriculture_Soilwater,0.8504387466656909,0.5102632479994145
2024-04-08T00:00:00,Middle_Agriculture_Soilwater,0.8346716703146115,0.5008030021887669
2024-04-09T00:00:00,Middle_Agriculture_Soilwater,0.8323841672216361,0.49943050033298164
2024-04-10T00:00:00,Middle_Agriculture_Soilwater,0.8117609025895718,0.48705654155374306
2024-04-11T00:00:00,Middle_Agriculture_Soilwater,0.7914155401207893,0.47484932407247354
2024-04-12T00:00:00,Middle_Agriculture_Soilwater,0.7860150956653229,0.47160905739919373
2024-04-13T00:00:00,Middle_Agriculture_Soilwater,0.7776293119724642,0.4665775871834785
2024-04-14T00:00:00,Middle_Agriculture_Soilwater,0.7729572613342555,0.46377435680055323
2024-04-15T00:00:00,Middle_Agriculture_Soilwater,0.761443327703961,0.45686599662237654
2024-04-16T00:00:00,Middle_Agriculture_Soilwater,0.7521026081863852,0.4512615649118311
2024-04-17T00:00:00,Middle_Agriculture_Soilwater,0.781095599295287,0.4686573595771722
2024-04-18T00:00:00,Middle_Agriculture_Soilwater,0.7951980570096396,0.47711883420578377
2024-04-19T00:00:00,Middle_Agriculture_Soilwater,0.800082885369983,0.48004973122198974
2024-04-20T00:00:00,Middle_Agriculture_Soilwater,0.7960387674881588,0.4776232604928953
2024-04-21T00:00:00,Middle_Agriculture_Soilwater,0.7908826443290025,0.47452958659740146
2024-04-22T00:00:00,Middle_Agriculture_Soilwater,0.7787973581267977,0.46727841487607863
2024-04-23T00:00:00,Middle_Agriculture_Soilwater,0.7612203027217448,0.45673218163304685
2024-04-24T00:00:00,Middle_Agriculture_Soilwater,0.73937068481643,0.443622410889858
2024-04-25T00:00:00,Middle_Agriculture_Soilwater,0.7142787874649628,0.42856727247897763
2024-04-26T00:00:00,Middle_Agriculture_Soilwater,0.6868115627356247,0.41208693764137483
2024-04-27T00:00:00,Middle_Agriculture_Soilwater,0.6576949950775032,0.3946169970465019
2024-04-28T00:00:00,Middle_Agriculture_Soilwater,0.6275336253236503,0.3765201751941902
2024-04-29T00:00:00,Middle_Agriculture_Soilwater,0.6056930341152452,0.3634158204691471
2024-04-30T00:00:00,Middle_Agriculture_Soilwater,0.5411015885316488,0.3246609531189893
2024-05-01T00:00:00,Middle_Agriculture_Soilwater,0.47936568354180054,0.2876194101250803
2024-05-02T00:00:00,Middle_Agriculture_Soilwater,0.424107761846426,0.2544646571078556
2024-05-03T00:00:00,Middle_Agriculture_Soilwater,0.3820197676547139,0.22921186059282833
2024-05-04T00:00:00,Middle_Agriculture_Soilwater,0.3813388401374198,0.22880330408245186
2024-05-05T00:00:00,Middle_Agriculture_Soilwater,0.3790946277197691,0.22745677663186145
2024-05-06T00:00:00,Middle_Agriculture_Soilwater,0.3734858693842682,0.22409152163056092
2024-05-07T00:00:00,Middle_Agriculture_Soilwater,0.35534973462048924,0.21320984077229355
2024-05-08T00:00:00,Middle_Agriculture_Soilwater,0.3389045135701736,0.20334270814210414
2024-05-09T00:00:00,Middle_Agriculture_Soilwater,0.3881192030200737,0.2328715218120442
2024-05-10T00:00:00,Middle_Agriculture_Soilwater,0.432468454898833,0.2594810729392998
2024-05-11T00:00:00,Middle_Agriculture_Soilwater,0.48528920982619184,0.2911735258957151
2024-05-12T00:00:00,Middle_Agriculture_Soilwater,0.5363382201281809,0.3218029320769085
2024-05-13T00:00:00,Middle_Agriculture_Soilwater,0.5903521726351472,0.35421130358108827
2024-05-14T00:00:00,Middle_Agriculture_Soilwater,0.6494799524394352,0.38968797146366113
2024-05-15T00:00:00,Middle_Agriculture_Soilwater,0.6903186545565178,0.41419119273391064
2024-05-16T00:00:00,Middle_Agriculture_Soilwater,0.7409631803621551,0.4445779082172931
2024-05-17T00:00:00,Middle_Agriculture_Soilwater,0.7480272508247368,0.44881635049484203
2024-05-18T00:00:00,Middle_Agriculture_Soilwater,0.741477602663906,0.4448865615983436
2024-05-19T00:00:00,Middle_Agriculture_Soilwater,0.7206674298088104,0.4324004578852862
2024-05-20T00:00:00,Middle_Agriculture_Soilwater,0.7020030609526373,0.4212018365715824
2024-05-21T00:00:00,Middle_Agriculture_Soilwater,0.692725255205977,0.41563515312358623
2024-05-22T00:00:00,Middle_Agriculture_Soilwater,0.6767120709082122,0.4060272425449273
2024-05-23T00:00:00,Middle_Agriculture_Soilwater,0.6633364527361266,0.39800187164167594
2024-05-24T00:00:00,Middle_Agriculture_Soilwater,0.6585932011257342,0.3951559206754405
2024-05-25T00:00:00,Middle_Agriculture_Soilwater,0.6481652353100629,0.3888991411860377
2024-05-26T00:00:00,Middle_Agriculture_Soilwater,0.6332369306462682,0.3799421583877609
2024-05-27T00:00:00,Middle_Agriculture_Soilwater,0.6148126345621336,0.3688875807372802
2024-05-28T00:00:00,Middle_Agriculture_Soilwater,0.59374082838836,0.35624449703301597
2024-05-29T00:00:00,Middle_Agriculture_Soilwater,0.5699498025582613,0.3419698815349568
2024-05-30T00:00:00,Middle_Agriculture_Soilwater,0.5009155736103026,0.30054934416618156
2024-05-31T00:00:00,Middle_Agriculture_Soilwater,0.4425806924263498,0.26554841545580987
2024-06-01T00:00:00,Middle_Agriculture_Soilwater,0.3832061771976328,0.22992370631857967
2024-06-02T00:00:00,Middle_Agriculture_Soilwater,0.3428269399085764,0.2056961639451458
2024-06-03T00:00:00,Middle_Agriculture_Soilwater,0.30724130648717396,0.18434478389230438
2024-06-04T00:00:00,Middle_Agriculture_Soilwater,0.2597139848964162,0.1558283909378497
2024-06-05T00:00:00,Middle_Agriculture_Soilwater,0.19929753274076348,0.11957851964445808
2024-06-06T00:00:00,Middle_Agriculture_Soilwater,0.14475414025818054,0.08685248415490832
2024-06-07T00:00:00,Middle_Agriculture_Soilwater,0.1427977236719869,0.08567863420319213
2024-06-08T00:00:00,Middle_Agriculture_Soilwater,0.14119886718226554,0.08471932030935932
2024-06-09T00:00:00,Middle_Agriculture_Soilwater,0.1384918047537667,0.08309508285226003
2024-06-10T00:00:00,Middle_Agriculture_Soilwater,0.13491416613914567,0.0809484996834874
2024-06-11T00:00:00,Middle_Agriculture_Soilwater,0.130667137199913,0.07840028231994779
2024-06-12T00:00:00,Middle_Agriculture_Soilwater,0.1251349178416774,0.07508095070500644
2024-06-13T00:00:00,Middle_Agriculture_Soilwater,0.12010938007400114,0.07206562804440068
2024-06-14T00:00:00,Middle_Agriculture_Soilwater,0.11483760068144307,0.06890256040886583
2024-06-15T00:00:00,Middle_Agriculture_Soilwater,0.10941908336665734,0.06565145001999441
2024-06-16T00:00:00,Middle_Agriculture_Soilwater,0.10393589350801449,0.06236153610480869
2024-06-17T00:00:00,Middle_Agriculture_Soilwater,0.08824424169652048,0.05294654501791229
2024-06-18T00:00:00,Middle_Agriculture_Soilwater,0.08384137949406636,0.05030482769643982
2024-06-19T00:00:00,Middle_Agriculture_Soilwater,0.07943664731513991,0.04766198838908395
2024-06-20T00:00:00,Middle_Agriculture_Soilwater,0.07507444777705247,0.045044668666231476
2024-06-21T00:00:00,Middle_Agriculture_Soilwater,0.07079032167343371,0.042474193004060225
2024-06-22T00:00:00,Middle_Agriculture_Soilwater,0.0666122763127703,0.039967365787662176
2024-06-23T00:00:00,Middle_Agriculture_Soilwater,0.06256193680750358,0.03753716208450215
2024-06-24T00:00:00,Middle_Agriculture_Soilwater,0.0586555424401638,0.03519332546409828
2024-06-25T00:00:00,Middle_Agriculture_Soilwater,0.04469389848730998,0.026816339092385986
2024-06-26T00:00:00,Middle_Agriculture_Soilwater,0.022491482446076818,0.01349488946764609
2024-06-27T00:00:00,Middle_Agriculture_Soilwater,0.000748065173672785,0.000448839104203671
2024-06-28T00:00:00,Middle_Agriculture_Soilwater,0.0,0.0
2024-06-29T00:00:00,Middle_Agriculture_Soilwater,0.0,0.0
2024-06-30T00:00:00,Middle_Agriculture_Soilwater,0.0,0.0
2024-07-01T00:00:00,Middle_Agriculture_Soilwater,0.0,0.0
2024-07-02T00:00:00,Middle_Agriculture_Soilwater,0.0,0.0
2024-07-03T00:00:00,Middle_Agriculture_Soilwater,0.0,0.0
2024-07-04T00:00:00,Middle_Agriculture_Soilwater,0.0,0.0
2024-07-05T00:00:00,Middle_Agriculture_Soilwater,0.0,0.0
2024-07-06T00:00:00,Middle_Agriculture_Soilwater,0.0,0.0
2024-07-07T00:00:00,Middle_Agriculture_Soilwater,0.0,0.0
2024-07-08T00:00:00,Middle_Agriculture_Soilwater,0.0,0.0
2024-07-09T00:00:00,Middle_Agriculture_Soilwater,0.0,0.0
2024-07-10T00:00:00,Middle_Agriculture_Soilwater,0.0,0.0
2024-07-11T00:00:00,Middle_Agriculture_Soilwater,0.0,0.0
2024-07-12T00:00:00,Middle_Agriculture_Soilwater,0.0,0.0
2024-07-13T00:00:00,Middle_Agriculture_Soilwater,0.0,0.0
2024-07-14T00:00:00,Middle_Agriculture_Soilwater,0.0,0.0
2024-07-15T00:00:00,Middle_Agriculture_Soilwater,0.0,0.0
2024-07-16T00:00:00,Middle_Agriculture_Soilwater,0.0,0.0
2024-07-17T00:00:00,Middle_Agriculture_Soilwater,0.0,0.0
2024-07-18T00:00:00,Middle_Agriculture_Soilwater,0.0,0.0
2024-07-19T00:00:00,Middle_Agriculture_Soilwater,0.0,0.0
2024-07-20T00:00:00,Middle_Agriculture_Soilwater,0.0,0.0
2024-07-21T00:00:00,Middle_Agriculture_Soilwater,0.0,0.0
2024-07-22T00:00:00,Middle_Agriculture_Soilwater,0.0,0.0
2024-07-23T00:00:00,Middle_Agriculture_Soilwater,0.0,0.0
2024-07-24T00:00:00,Middle_Agriculture_Soilwater,0.0,0.0
2024-07-25T00:00:00,Middle_Agriculture_Soilwater,0.0,0.0
2024-07-26T00:00:00,Middle_Agriculture_Soilwater,0.0,0.0
2024-07-27T00:00:00,Middle_Agriculture_Soilwater,0.0,0.0
2024-07-28T00:00:00,Middle_Agriculture_Soilwater,0.0,0.0
2024-07-29T00:00:00,Middle_Agriculture_Soilwater,0.0,0.0
2024-07-30T00:00:00,Middle_Agriculture_Soilwater,0.0,0.0
2024-07-31T00:00:00,Middle_Agriculture_Soilwater,0.0,0.0
2024-08-01T00:00:00,Middle_Agriculture_Soilwater,0.0,0.0
2024-08-02T00:00:00,Middle_Agriculture_Soilwater,0.0,0.0
2024-08-03T00:00:00,Middle_Agriculture_Soilwater,0.0,0.0
2024-08-04T00:00:00,Middle_Agriculture_Soilwater,0.0,0.0
2024-08-05T00:00:00,Middle_Agriculture_Soilwater,0.0,0.0
2024-08-06T00:00:00,Middle_Agriculture_Soilwater,0.0,0.0
2024-08-07T00:00:00,Middle_Agriculture_Soilwater,0.0,0.0
2024-08-08T00:00:00,Middle_Agriculture_Soilwater,0.0,0.0
2024-08-09T00:00:00,Middle_Agriculture_Soilwater,0.0,0.0
2024-08-10T00:00:00,Middle_Agriculture_Soilwater,0.0,0.0
2024-08-11T00:00:00,Middle_Agriculture_Soilwater,0.0,0.0
2024-08-12T00:00:00,Middle_Agriculture_Soilwater,0.0,0.0
2024-08-13T00:00:00,Middle_Agriculture_Soilwater,0.0,0.0
2024-08-14T00:00:00,Middle_Agriculture_Soilwater,0.0,0.0
2024-08-15T00:00:00,Middle_Agriculture_Soilwater,0.0,0.0
2024-08-16T00:00:00,Middle_Agriculture_Soilwater,0.0,0.0
2024-08-17T00:00:00,Middle_Agriculture_Soilwater,0.0,0.0
2024-08-18T00:00:00,Middle_Agriculture_Soilwater,0.0,0.0
2024-08-19T00:00:00,Middle_Agriculture_Soilwater,0.0,0.0
2024-08-20T00:00:00,Middle_Agriculture_Soilwater,0.0,0.0
2024-08-21T00:00:00,Middle_Agriculture_Soilwater,0.0,0.0
2024-08-22T00:00:00,Middle_Agriculture_Soilwater,0.0,0.0
2024-08-23T00:00:00,Middle_Agriculture_Soilwater,0.0,0.0
2024-08-24T00:00:00,Middle_Agriculture_Soilwater,0.0,0.0
2024-08-25T00:00:00,Middle_Agriculture_Soilwater,0.0,0.0
2024-08-26T00:00:00,Middle_Agriculture_Soilwater,0.0,0.0
2024-08-27T00:00:00,Middle_Agriculture_Soilwater,0.0,0.0
2024-08-28T00:00:00,Middle_Agriculture_Soilwater,0.0,0.0
2024-08-29T00:00:00,Middle_Agriculture_Soilwater,0.0,0.0
2024-08-30T00:00:00,Middle_Agriculture_Soilwater,0.0,0.0
2024-08-31T00:00:00,Middle_Agriculture_Soilwater,0.0,0.0
2024-09-01T00:00:00,Middle_Agriculture_Soilwater,0.0,0.0
2024-09-02T00:00:00,Middle_Agriculture_Soilwater,0.0,0.0
2024-09-03T00:00:00,Middle_Agriculture_Soilwater,0.0,0.0
2024-09-04T00:00:00,Middle_Agriculture_Soilwater,0.0,0.0
2024-09-05T00:00:00,Middle_Agriculture_Soilwater,0.0,0.0
2024-09-06T00:00:00,Middle_Agriculture_Soilwater,0.0,0.0
2024-09-07T00:00:00,Middle_Agriculture_Soilwater,0.0,0.0
2024-09-08T00:00:00,Middle_Agriculture_Soilwater,0.0,0.0
2024-09-09T00:00:00,Middle_Agriculture_Soilwater,0.0,0.0
2024-09-10T00:00:00,Middle_Agriculture_Soilwater,0.0,0.0
2024-09-11T00:00:00,Middle_Agriculture_Soilwater,0.0,0.0
2024-09-12T00:00:00,Middle_Agriculture_Soilwater,0.0,0.0
2024-09-13T00:00:00,Middle_Agriculture_Soilwater,0.0,0.0
2024-09-14T00:00:00,Middle_Agriculture_Soilwater,0.0,0.0
2024-09-15T00:00:00,Middle_Agriculture_Soilwater,0.0,0.0
2024-09-16T00:00:00,Middle_Agriculture_Soilwater,0.0,0.0
2024-09-17T00:00:00,Middle_Agriculture_Soilwater,0.0,0.0
2024-09-18T00:00:00,Middle_Agriculture_Soilwater,0.0,0.0
2024-09-19T00:00:00,Middle_Agriculture_Soilwater,0.0,0.0
2024-09-20T00:00:00,Middle_Agriculture_Soilwater,0.0,0.0
2024-09-21T00:00:00,Middle_Agriculture_Soilwater,0.0,0.0
2024-09-22T00:00:00,Middle_Agriculture_Soilwater,0.0,0.0
2024-09-23T00:00:00,Middle_Agriculture_Soilwater,0.0,0.0
2024-09-24T00:00:00,Middle_Agriculture_Soilwater,0.0,0.0
2024-09-25T00:00:00,Middle_Agriculture_Soilwater,0.0,0.0
2024-09-26T00:00:00,Middle_Agriculture_Soilwater,0.0,0.0
2024-09-27T00:00:00,Middle_Agriculture_Soilwater,0.0,0.0
2024-09-28T00:00:00,Middle_Agriculture_Soilwater,0.0,0.0
2024-09-29T00:00:00,Middle_Agriculture_Soilwater,0.0,0.0
2024-09-30T00:00:00,Middle_Agriculture_Soilwater,0.0,0.0
2024-10-01T00:00:00,Middle_Agriculture_Soilwater,0.0,0.0
2024-10-02T00:00:00,Middle_Agriculture_Soilwater,0.0,0.0
2024-10-03T00:00:00,Middle_Agriculture_Soilwater,0.0,0.0
2024-10-04T00:00:00,Middle_Agriculture_Soilwater,0.0,0.0
2024-10-05T00:00:00,Middle_Agriculture_Soilwater,0.0,0.0
2024-10-06T00:00:00,Middle_Agriculture_Soilwater,0.0,0.0
2024-10-07T00:00:00,Middle_Agriculture_Soilwater,0.0,0.0
2024-10-08T00:00:00,Middle_Agriculture_Soilwater,0.0,0.0
2024-10-09T00:00:00,Middle_Agriculture_Soilwater,0.0,0.0
2024-10-10T00:00:00,Middle_Agriculture_Soilwater,0.0,0.0
2024-10-11T00:00:00,Middle_Agriculture_Soilwater,0.0,0.0
2024-10-12T00:00:00,Middle_Agriculture_Soilwater,0.0,0.0
2024-10-13T00:00:00,Middle_Agriculture_Soilwater,0.0,0.0
2024-10-14T00:00:00,Middle_Agriculture_Soilwater,0.0,0.0
2024-10-15T00:00:00,Middle_Agriculture_Soilwater,0.0,0.0
2024-10-16T00:00:00,Middle_Agriculture_Soilwater,0.0,0.0
2024-10-17T00:00:00,Middle_Agriculture_Soilwater,0.0,0.0
2024-10-18T00:00:00,Middle_Agriculture_Soilwater,0.0,0.0
2024-10-19T00:00:00,Middle_Agriculture_Soilwater,0.0,0.0
2024-10-20T00:00:00,Middle_Agriculture_Soilwater,0.0,0.0
2024-10-21T00:00:00,Middle_Agriculture_Soilwater,0.0,0.0
2024-10-22T00:00:00,Middle_Agriculture_Soilwater,0.0,0.0
2024-10-23T00:00:00,Middle_Agriculture_Soilwater,0.0,0.0
2024-10-24T00:00:00,Middle_Agriculture_Soilwater,0.0,0.0
2024-10-25T00:00:00,Middle_Agriculture_Soilwater,0.0,0.0
2024-10-26T00:00:00,Middle_Agriculture_Soilwater,0.0,0.0
2024-10-27T00:00:00,Middle_Agriculture_Soilwater,0.0,0.0
2024-10-28T00:00:00,Middle_Agriculture_Soilwater,0.0,0.0
2024-10-29T00:00:00,Middle_Agriculture_Soilwater,0.0,0.0
2024-10-30T00:00:00,Middle_Agriculture_Soilwater,0.0,0.0
2024-10-31T00:00:00,Middle_Agriculture_Soilwater,0.0,0.0
2024-11-01T00:00:00,Middle_Agriculture_Soilwater,0.0,0.0
2024-11-02T00:00:00,Middle_Agriculture_Soilwater,0.0,0.0
2024-11-03T00:00:00,Middle_Agriculture_Soilwater,0.0,0.0
2024-11-04T00:00:00,Middle_Agriculture_Soilwater,0.0,0.0
2024-11-05T00:00:00,Middle_Agriculture_Soilwater,0.0,0.0
2024-11-06T00:00:00,Middle_Agriculture_Soilwater,0.0,0.0
2024-11-07T00:00:00,Middle_Agriculture_Soilwater,0.0,0.0
2024-11-08T00:00:00,Middle_Agriculture_Soilwater,0.0,0.0
2024-11-09T00:00:00,Middle_Agriculture_Soilwater,0.0,0.0
2024-11-10T00:00:00,Middle_Agriculture_Soilwater,0.0,0.0
2024-11-11T00:00:00,Middle_Agriculture_Soilwater,0.0,0.0
2024-11-12T00:00:00,Middle_Agriculture_Soilwater,0.0,0.0
2024-11-13T00:00:00,Middle_Agriculture_Soilwater,0.0,0.0
2024-11-14T00:00:00,Middle_Agriculture_Soilwater,0.0,0.0
2024-11-15T00:00:00,Middle_Agriculture_Soilwater,0.0,0.0
2024-11-16T00:00:00,Middle_Agriculture_Soilwater,0.0,0.0
2024-11-17T00:00:00,Middle_Agriculture_Soilwater,0.0,0.0
2024-11-18T00:00:00,Middle_Agriculture_Soilwater,0.0,0.0
2024-11-19T00:00:00,Middle_Agriculture_Soilwater,0.0,0.0
2024-11-20T00:00:00,Middle_Agriculture_Soilwater,0.0,0.0
2024-11-21T00:00:00,Middle_Agriculture_Soilwater,0.0,0.0
2024-11-22T00:00:00,Middle_Agriculture_Soilwater,0.0,0.0
2024-11-23T00:00:00,Middle_Agriculture_Soilwater,0.0,0.0
2024-11-24T00:00:00,Middle_Agriculture_Soilwater,0.0,0.0
2024-11-25T00:00:00,Middle_Agriculture_Soilwater,0.0,0.0
2024-11-26T00:00:00,Middle_Agriculture_Soilwater,0.0,0.0
2024-11-27T00:00:00,Middle_Agriculture_Soilwater,0.0,0.0
2024-11-28T00:00:00,Middle_Agriculture_Soilwater,0.0,0.0
2024-11-29T00:00:00,Middle_Agriculture_Soilwater,0.0,0.0
2024-11-30T00:00:00,Middle_Agriculture_Soilwater,0.0,0.0
2024-12-01T00:00:00,Middle_Agriculture_Soilwater,0.0,0.0
2024-12-02T00:00:00,Middle_Agriculture_Soilwater,0.0,0.0
2024-12-03T00:00:00,Middle_Agriculture_Soilwater,0.0,0.0
2024-12-04T00:00:00,Middle_Agriculture_Soilwater,0.0,0.0
2024-12-05T00:00:00,Middle_Agriculture_Soilwater,0.0,0.0
2024-12-06T00:00:00,Middle_Agriculture_Soilwater,0.0,0.0
2024-12-07T00:00:00,Middle_Agriculture_Soilwater,0.0,0.0
2024-12-08T00:00:00,Middle_Agriculture_Soilwater,0.0,0.0
2024-12-09T00:00:00,Middle_Agriculture_Soilwater,0.0,0.0
2024-12-10T00:00:00,Middle_Agriculture_Soilwater,0.0,0.0
2024-12-11T00:00:00,Middle_Agriculture_Soilwater,0.0,0.0
2024-12-12T00:00:00,Middle_Agriculture_Soilwater,0.0,0.0
2024-12-13T00:00:00,Middle_Agriculture_Soilwater,0.0,0.0
2024-12-14T00:00:00,Middle_Agriculture_Soilwater,0.0,0.0
2024-12-15T00:00:00,Middle_Agriculture_Soilwater,0.0,0.0
2024-12-16T00:00:00,Middle_Agriculture_Soilwater,0.0,0.0
2024-12-17T00:00:00,Middle_Agriculture_Soilwater,0.0,0.0
2024-12-18T00:00:00,Middle_Agriculture_Soilwater,0.0,0.0
2024-12-19T00:00:00,Middle_Agriculture_Soilwater,0.0,0.0
2024-12-20T00:00:00,Middle_Agriculture_Soilwater,0.0,0.0
2024-12-21T00:00:00,Middle_Agriculture_Soilwater,0.0,0.0
2024-12-22T00:00:00,Middle_Agriculture_Soilwater,0.0,0.0
2024-12-23T00:00:00,Middle_Agriculture_Soilwater,0.0,0.0
2024-12-24T00:00:00,Middle_Agriculture_Soilwater,0.0,0.0
2024-12-25T00:00:00,Middle_Agriculture_Soilwater,0.0,0.0
2024-12-26T00:00:00,Middle_Agriculture_Soilwater,0.0,0.0
2024-12-27T00:00:00,Middle_Agriculture_Soilwater,0.0,0.0
2024-12-28T00:00:00,Middle_Agriculture_Soilwater,0.0,0.0
2024-12-29T00:00:00,Middle_Agriculture_Soilwater,0.0,0.0
2024-12-30T00:00:00,Middle_Agriculture_Soilwater,0.0,0.0
2024-12-31T00:00:00,Middle_Agriculture_Soilwater,0.0,0.0
2025-01-01T00:00:00,Middle_Agriculture_Soilwater,0.0,0.0
2025-01-02T00:00:00,Middle_Agriculture_Soilwater,0.0,0.0
2025-01-03T00:00:00,Middle_Agriculture_Soilwater,0.0,0.0
2025-01-04T00:00:00,Middle_Agriculture_Soilwater,0.0,0.0
2025-01-05T00:00:00,Middle_Agriculture_Soilwater,0.0,0.0
2025-01-06T00:00:00,Middle_Agriculture_Soilwater,0.0,0.0
2025-01-07T00:00:00,Middle_Agriculture_Soilwater,0.0,0.0
2025-01-08T00:00:00,Middle_Agriculture_Soilwater,0.0,0.0
2025-01-09T00:00:00,Middle_Agriculture_Soilwater,0.0,0.0
2025-01-10T00:00:00,Middle_Agriculture_Soilwater,0.0,0.0
2025-01-11T00:00:00,Middle_Agriculture_Soilwater,0.0,0.0
2025-01-12T00:00:00,Middle_Agriculture_Soilwater,0.0,0.0
2025-01-13T00:00:00,Middle_Agriculture_Soilwater,0.0,0.0
2025-01-14T00:00:00,Middle_Agriculture_Soilwater,0.0,0.0
2025-01-15T00:00:00,Middle_Agriculture_Soilwater,0.0,0.0
2025-01-16T00:00:00,Middle_Agriculture_Soilwater,0.0,0.0
2025-01-17T00:00:00,Middle_Agriculture_Soilwater,0.0,0.0
2025-01-18T00:00:00,Middle_Agriculture_Soilwater,0.0,0.0
2025-01-19T00:00:00,Middle_Agriculture_Soilwater,0.0,0.0
2025-01-20T00:00:00,Middle_Agriculture_Soilwater,0.0,0.0
2025-01-21T00:00:00,Middle_Agriculture_Soilwater,0.0,0.0
2025-01-22T00:00:00,Middle_Agriculture_Soilwater,0.0,0.0
2025-01-23T00:00:00,Middle_Agriculture_Soilwater,0.0,0.0
2025-01-24T00:00:00,Middle_Agriculture_Soilwater,0.0,0.0
2025-01-25T00:00:00,Middle_Agriculture_Soilwater,0.0,0.0
2025-01-26T00:00:00,Middle_Agriculture_Soilwater,0.0,0.0
2025-01-27T00:00:00,Middle_Agriculture_Soilwater,0.0,0.0
2025-01-28T00:00:00,Middle_Agriculture_Soilwater,0.0,0.0
2025-01-29T00:00:00,Middle_Agriculture_Soilwater,0.0,0.0
2025-01-30T00:00:00,Middle_Agriculture_Soilwater,0.0,0.0
2025-01-31T00:00:00,Middle_Agriculture_Soilwater,0.0,0.0
2025-02-01T00:00:00,Middle_Agriculture_Soilwater,0.0,0.0
2025-02-02T00:00:00,Middle_Agriculture_Soilwater,0.0,0.0
2025-02-03T00:00:00,Middle_Agriculture_Soilwater,0.0,0.0
2025-02-04T00:00:00,Middle_Agriculture_Soilwater,0.0,0.0
2025-02-05T00:00:00,Middle_Agriculture_Soilwater,0.0,0.0
2025-02-06T00:00:00,Middle_Agriculture_Soilwater,0.0,0.0
2025-02-07T00:00:00,Middle_Agriculture_Soilwater,0.0,0.0
2025-02-08T00:00:00,Middle_Agriculture_Soilwater,0.0,0.0
2025-02-09T00:00:00,Middle_Agriculture_Soilwater,0.0,0.0
2025-02-10T00:00:00,Middle_Agriculture_Soilwater,0.0,0.0
2025-02-11T00:00:00,Middle_Agriculture_Soilwater,0.0,0.0
2025-02-12T00:00:00,Middle_Agriculture_Soilwater,0.0,0.0
2025-02-13T00:00:00,Middle_Agriculture_Soilwater,0.0,0.0
2025-02-14T00:00:00,Middle_Agriculture_Soilwater,0.0,0.0
2025-02-15T00:00:00,Middle_Agriculture_Soilwater,0.0,0.0
2025-02-16T00:00:00,Middle_Agriculture_Soilwater,0.0,0.0
2025-02-17T00:00:00,Middle_Agriculture_Soilwater,0.0,0.0
2025-02-18T00:00:00,Middle_Agriculture_Soilwater,0.0,0.0
2025-02-19T00:00:00,Middle_Agriculture_Soilwater,0.0,0.0
2025-02-20T00:00:00,Middle_Agriculture_Soilwater,0.0,0.0
2025-02-21T00:00:00,Middle_Agriculture_Soilwater,0.0,0.0
2025-02-22T00:00:00,Middle_Agriculture_Soilwater,0.0,0.0
2025-02-23T00:00:00,Middle_Agriculture_Soilwater,0.0,0.0
2025-02-24T00:00:00,Middle_Agriculture_Soilwater,0.0,0.0
2025-02-25T00:00:00,Middle_Agriculture_Soilwater,0.0,0.0
2025-02-26T00:00:00,Middle_Agriculture_Soilwater,0.0,0.0
2025-02-27T00:00:00,Middle_Agriculture_Soilwater,0.0,0.0
2025-02-28T00:00:00,Middle_Agriculture_Soilwater,0.0,0.0
2025-03-01T00:00:00,Middle_Agriculture_Soilwater,0.0,0.0
2025-03-02T00:00:00,Middle_Agriculture_Soilwater,0.0,0.0
2025-03-03T00:00:00,Middle_Agriculture_Soilwater,0.0,0.0
2025-03-04T00:00:00,Middle_Agriculture_Soilwater,0.0,0.0
2025-03-05T00:00:00,Middle_Agriculture_Soilwater,0.0,0.0
2025-03-06T00:00:00,Middle_Agriculture_Soilwater,0.0,0.0
2025-03-07T00:00:00,Middle_Agriculture_Soilwater,0.0,0.0
2025-03-08T00:00:00,Middle_Agriculture_Soilwater,0.0,0.0
2025-03-09T00:00:00,Middle_Agriculture_Soilwater,0.0,0.0
2025-03-10T00:00:00,Middle_Agriculture_Soilwater,0.0,0.0
2025-03-11T00:00:00,Middle_Agriculture_Soilwater,0.0,0.0
2025-03-12T00:00:00,Middle_Agriculture_Soilwater,0.0,0.0
2025-03-13T00:00:00,Middle_Agriculture_Soilwater,0.0,0.0
2025-03-14T00:00:00,Middle_Agriculture_Soilwater,0.0,0.0
2025-03-15T00:00:00,Middle_Agriculture_Soilwater,0.0,0.0
2025-03-16T00:00:00,Middle_Agriculture_Soilwater,0.0,0.0
2025-03-17T00:00:00,Middle_Agriculture_Soilwater,0.0,0.0
2025-03-18T00:00:00,Middle_Agriculture_Soilwater,0.0,0.0
2025-03-19T00:00:00,Middle_Agriculture_Soilwater,0.0,0.0
2025-03-20T00:00:00,Middle_Agriculture_Soilwater,0.0,0.0
2025-03-21T00:00:00,Middle_Agriculture_Soilwater,0.0,0.0
2025-03-22T00:00:00,Middle_Agriculture_Soilwater,0.0,0.0
2025-03-23T00:00:00,Middle_Agriculture_Soilwater,0.0,0.0
2025-03-24T00:00:00,Middle_Agriculture_Soilwater,0.0,0.0
2025-03-25T00:00:00,Middle_Agriculture_Soilwater,0.0,0.0
2025-03-26T00:00:00,Middle_Agriculture_Soilwater,0.0,0.0
2025-03-27T00:00:00,Middle_Agriculture_Soilwater,0.0,0.0
2025-03-28T00:00:00,Middle_Agriculture_Soilwater,0.0,0.0
2025-03-29T00:00:00,Middle_Agriculture_Soilwater,0.0,0.0
2025-03-30T00:00:00,Middle_Agriculture_Soilwater,0.0,0.0
2025-03-31T00:00:00,Middle_Agriculture_Soilwater,0.0,0.0
2025-04-01T00:00:00,Middle_Agriculture_Soilwater,0.0,0.0
2025-04-02T00:00:00,Middle_Agriculture_Soilwater,0.0,0.0
2025-04-03T00:00:00,Middle_Agriculture_Soilwater,0.0,0.0
2025-04-04T00:00:00,Middle_Agriculture_Soilwater,0.0,0.0
2025-04-05T00:00:00,Middle_Agriculture_Soilwater,0.0,0.0
2025-04-06T00:00:00,Middle_Agriculture_Soilwater,0.0,0.0
2025-04-07T00:00:00,Middle_Agriculture_Soilwater,0.0,0.0
2025-04-08T00:00:00,Middle_Agriculture_Soilwater,0.0,0.0
2025-04-09T00:00:00,Middle_Agriculture_Soilwater,0.0,0.0
2025-04-10T00:00:00,Middle_Agriculture_Soilwater,0.0,0.0
2025-04-11T00:00:00,Middle_Agriculture_Soilwater,0.0,0.0
2025-04-12T00:00:00,Middle_Agriculture_Soilwater,0.0,0.0
2025-04-13T00:00:00,Middle_Agriculture_Soilwater,0.0,0.0
2025-04-14T00:00:00,Middle_Agriculture_Soilwater,0.0,0.0
2025-04-15T00:00:00,Middle_Agriculture_Soilwater,0.0,0.0
2025-04-16T00:00:00,Middle_Agriculture_Soilwater,0.039801508661281564,0.02388090519676894
2025-04-17T00:00:00,Middle_Agriculture_Soilwater,0.15572764725621938,0.09343658835373163
2025-04-18T00:00:00,Middle_Agriculture_Soilwater,0.24807054304555437,0.14884232582733262
2025-04-19T00:00:00,Middle_Agriculture_Soilwater,0.32038758320446165,0.192232549922677
2025-04-20T00:00:00,Middle_Agriculture_Soilwater,0.3757605099011301,0.22545630594067803
2025-04-21T00:00:00,Middle_Agriculture_Soilwater,0.41606952088096705,0.24964171252858022
2025-04-22T00:00:00,Middle_Agriculture_Soilwater,0.435840579111283,0.26150434746676976
2025-04-23T00:00:00,Middle_Agriculture_Soilwater,0.4504814577594516,0.2702888746556709
2025-04-24T00:00:00,Middle_Agriculture_Soilwater,0.46278411852323986,0.2776704711139439
2025-04-25T00:00:00,Middle_Agriculture_Soilwater,0.4681214325566714,0.2808728595340028
2025-04-26T00:00:00,Middle_Agriculture_Soilwater,0.46776344259819214,0.28065806555891526
2025-04-27T00:00:00,Middle_Agriculture_Soilwater,0.4627958363058383,0.277677501783503
2025-04-28T00:00:00,Middle_Agriculture_Soilwater,0.4510022986641559,0.27060137919849353
2025-04-29T00:00:00,Middle_Agriculture_Soilwater,0.4253998738241137,0.25523992429446823
2025-04-30T00:00:00,Middle_Agriculture_Soilwater,0.3927890018745302,0.2356734011247181
2025-05-01T00:00:00,Middle_Agriculture_Soilwater,0.37705576012207875,0.22623345607324724
2025-05-02T00:00:00,Middle_Agriculture_Soilwater,0.36195509488318867,0.2171730569299132
2025-05-03T00:00:00,Middle_Agriculture_Soilwater,0.39044073236358373,0.23426443941815023
2025-05-04T00:00:00,Middle_Agriculture_Soilwater,0.38125478230816157,0.22875286938489692
2025-05-05T00:00:00,Middle_Agriculture_Soilwater,0.3589608876674561,0.21537653260047365
2025-05-06T00:00:00,Middle_Agriculture_Soilwater,0.33118667867726687,0.19871200720636012
2025-05-07T00:00:00,Middle_Agriculture_Soilwater,0.3116613389720726,0.18699680338324356
2025-05-08T00:00:00,Middle_Agriculture_Soilwater,0.2906870186029664,0.17441221116177985
2025-05-09T00:00:00,Middle_Agriculture_Soilwater,0.2665494943725037,0.1599296966235022
2025-05-10T00:00:00,Middle_Agriculture_Soilwater,0.2982016957112023,0.17892101742672137
2025-05-11T00:00:00,Middle_Agriculture_Soilwater,0.3151837800202486,0.18911026801214917
2025-05-12T00:00:00,Middle_Agriculture_Soilwater,0.33098015778309675,0.19858809466985805
2025-05-13T00:00:00,Middle_Agriculture_Soilwater,0.348753422193181,0.2092520533159086
2025-05-14T00:00:00,Middle_Agriculture_Soilwater,0.37511677759796386,0.22507006655877831
2025-05-15T00:00:00,Middle_Agriculture_Soilwater,0.38934247315439735,0.2336054838926384
2025-05-16T00:00:00,Middle_Agriculture_Soilwater,0.40955658909629733,0.24573395345777838
2025-05-17T00:00:00,Middle_Agriculture_Soilwater,0.41366572984554184,0.2481994379073251
2025-05-18T00:00:00,Middle_Agriculture_Soilwater,0.42180147655397493,0.2530808859323849
2025-05-19T00:00:00,Middle_Agriculture_Soilwater,0.4119523257131732,0.2471713954279039
2025-05-20T00:00:00,Middle_Agriculture_Soilwater,0.3982840811840845,0.23897044871045067
2025-05-21T00:00:00,Middle_Agriculture_Soilwater,0.40019578048549537,0.2401174682912972
2025-05-22T00:00:00,Middle_Agriculture_Soilwater,0.44115320820569653,0.2646919249234179
2025-05-23T00:00:00,Middle_Agriculture_Soilwater,0.47700373803155005,0.28620224281893003
2025-05-24T00:00:00,Middle_Agriculture_Soilwater,0.5672275389010792,0.3403365233406475
2025-05-25T00:00:00,Middle_Agriculture_Soilwater,0.6146074513073018,0.36876447078438107
2025-05-26T00:00:00,Middle_Agriculture_Soilwater,0.622882742206906,0.3737296453241436
2025-05-27T00:00:00,Middle_Agriculture_Soilwater,0.607019445868059,0.3642116675208354
2025-05-28T00:00:00,Middle_Agriculture_Soilwater,0.6086003450112799,0.36516020700676793
2025-05-29T00:00:00,Middle_Agriculture_Soilwater,0.6083505062308121,0.36501030373848725
2025-05-30T00:00:00,Middle_Agriculture_Soilwater,0.6117686317563256,0.3670611790537953
2025-05-31T00:00:00,Middle_Agriculture_Soilwater,0.6026858089326084,0.361611485359565
2025-06-01T00:00:00,Middle_Agriculture_Soilwater,0.5889876825378849,0.35339260952273094
2025-06-02T00:00:00,Middle_Agriculture_Soilwater,0.5963012324236957,0.3577807394542174
2025-06-03T00:00:00,Middle_Agriculture_Soilwater,0.5884861955069652,0.35309171730417915
2025-06-04T00:00:00,Middle_Agriculture_Soilwater,0.5611118809220728,0.33666712855324366
2025-06-05T00:00:00,Middle_Agriculture_Soilwater,0.5344272036627217,0.320656322197633
2025-06-06T00:00:00,Middle_Agriculture_Soilwater,0.4982785248642017,0.298967114918521
2025-06-07T00:00:00,Middle_Agriculture_Soilwater,0.4277273097887587,0.2566363858732552
2025-06-08T00:00:00,Middle_Agriculture_Soilwater,0.3630831888434045,0.2178499133060427
2025-06-09T00:00:00,Middle_Agriculture_Soilwater,0.2761437098983208,0.1656862259389925
2025-06-10T00:00:00,Middle_Agriculture_Soilwater,0.22656565849017626,0.13593939509410574
2025-06-11T00:00:00,Middle_Agriculture_Soilwater,0.1912894166283195,0.11477364997699169
2025-06-12T00:00:00,Middle_Agriculture_Soilwater,0.13888858473575283,0.0833331508414517
2025-06-13T00:00:00,Middle_Agriculture_Soilwater,0.09285575232813699,0.05571345139688219
2025-06-14T00:00:00,Middle_Agriculture_Soilwater,0.17360423691832808,0.10416254215099684
2025-06-15T00:00:00,Middle_Agriculture_Soilwater,0.25895301252174363,0.15537180751304616
2025-06-16T00:00:00,Middle_Agriculture_Soilwater,0.3690065360898359,0.22140392165390155
2025-06-17T00:00:00,Middle_Agriculture_Soilwater,0.43922200663727723,0.26353320398236635
2025-06-18T00:00:00,Middle_Agriculture_Soilwater,0.5050570449870577,0.30303422699223465
2025-06-19T00:00:00,Middle_Agriculture_Soilwater,0.642562673782328,0.3855376042693968
2025-06-20T00:00:00,Middle_Agriculture_Soilwater,0.7182278790959459,0.4309367274575675
2025-06-21T00:00:00,Middle_Agriculture_Soilwater,0.7192376893362905,0.4315426136017743
2025-06-22T00:00:00,Middle_Agriculture_Soilwater,0.7248807132830621,0.4349284279698373
2025-06-23T00:00:00,Middle_Agriculture_Soilwater,0.7191394828198384,0.43148368969190304
2025-06-24T00:00:00,Middle_Agriculture_Soilwater,0.7204147822255209,0.43224886933531254
2025-06-25T00:00:00,Middle_Agriculture_Soilwater,0.7156683541945995,0.4294010125167597
2025-06-26T00:00:00,Middle_Agriculture_Soilwater,0.6957914275839698,0.4174748565503819
2025-06-27T00:00:00,Middle_Agriculture_Soilwater,0.653332475480795,0.391999485288477
2025-06-28T00:00:00,Middle_Agriculture_Soilwater,0.6042386722496872,0.3625432033498123
2025-06-29T00:00:00,Middle_Agriculture_Soilwater,0.5446848503645356,0.3268109102187214
2025-06-30T00:00:00,Middle_Agriculture_Soilwater,0.48290922431573335,0.28974553458944
2025-07-01T00:00:00,Middle_Agriculture_Soilwater,0.4466571477003243,0.26799428862019453
2025-07-02T00:00:00,Middle_Agriculture_Soilwater,0.42468675780120296,0.25481205468072177
2025-07-03T00:00:00,Middle_Agriculture_Soilwater,0.38481405622308107,0.23088843373384862
2025-07-04T00:00:00,Middle_Agriculture_Soilwater,0.35063266374621094,0.21037959824772656
2025-07-05T00:00:00,Middle_Agriculture_Soilwater,0.30797177283884025,0.18478306370330413
2025-07-06T00:00:00,Middle_Agriculture_Soilwater,0.2487367334754879,0.14924204008529274
2025-07-07T00:00:00,Middle_Agriculture_Soilwater,0.2022777115291433,0.12136662691748598
2025-07-08T00:00:00,Middle_Agriculture_Soilwater,0.22950094481913086,0.1377005668914785
2025-07-09T00:00:00,Middle_Agriculture_Soilwater,0.3393251179721915,0.2035950707833149
2025-07-10T00:00:00,Middle_Agriculture_Soilwater,0.4287381743191759,0.2572429045915055
2025-07-11T00:00:00,Middle_Agriculture_Soilwater,0.4844651863988645,0.29067911183931866
2025-07-12T00:00:00,Middle_Agriculture_Soilwater,0.493576868864875,0.296146121318925
2025-07-13T00:00:00,Middle_Agriculture_Soilwater,0.4979982902464258,0.29879897414785545
2025-07-14T00:00:00,Middle_Agriculture_Soilwater,0.4759422041175583,0.28556532247053495
2025-07-15T00:00:00,Middle_Agriculture_Soilwater,0.4558308068574604,0.27349848411447625
2025-07-16T00:00:00,Middle_Agriculture_Soilwater,0.43011244882638383,0.2580674692958303
2025-07-17T00:00:00,Middle_Agriculture_Soilwater,0.39971690887840056,0.23983014532704033
2025-07-18T00:00:00,Middle_Agriculture_Soilwater,0.34544917061356845,0.20726950236814107
2025-07-19T00:00:00,Middle_Agriculture_Soilwater,0.3014938109129219,0.1808962865477531
2025-07-20T00:00:00,Middle_Agriculture_Soilwater,0.2543921223553582,0.1526352734132149
2025-07-21T00:00:00,Middle_Agriculture_Soilwater,0.1840841970365432,0.1104505182219259
2025-07-22T00:00:00,Middle_Agriculture_Soilwater,0.10620739010338981,0.06372443406203389
2025-07-23T00:00:00,Middle_Agriculture_Soilwater,0.040258557131954836,0.024155134279172902
2025-07-24T00:00:00,Middle_Agriculture_Soilwater,0.0,0.0
2025-07-25T00:00:00,Middle_Agriculture_Soilwater,0.0,0.0
2025-07-26T00:00:00,Middle_Agriculture_Soilwater,0.0,0.0
2025-07-27T00:00:00,Middle_Agriculture_Soilwater,0.0,0.0
2025-07-28T00:00:00,Middle_Agriculture_Soilwater,0.0,0.0
2025-07-29T00:00:00,Middle_Agriculture_Soilwater,0.0,0.0
2025-07-30T00:00:00,Middle_Agriculture_Soilwater,0.0,0.0
2025-07-31T00:00:00,Middle_Agriculture_Soilwater,0.0,0.0
2025-08-01T00:00:00,Middle_Agriculture_Soilwater,0.0,0.0
2025-08-02T00:00:00,Middle_Agriculture_Soilwater,0.0,0.0
2025-08-03T00:00:00,Middle_Agriculture_Soilwater,0.0,0.0
2025-08-04T00:00:00,Middle_Agriculture_Soilwater,0.0,0.0
2025-08-05T00:00:00,Middle_Agriculture_Soilwater,0.0,0.0
2025-08-06T00:00:00,Middle_Agriculture_Soilwater,0.0,0.0
2025-08-07T00:00:00,Middle_Agriculture_Soilwater,0.0,0.0
2025-08-08T00:00:00,Middle_Agriculture_Soilwater,0.0,0.0
2025-08-09T00:00:00,Middle_Agriculture_Soilwater,0.0,0.0
2025-08-10T00:00:00,Middle_Agriculture_Soilwater,0.0,0.0
2025-08-11T00:00:00,Middle_Agriculture_Soilwater,0.0,0.0
2025-08-12T00:00:00,Middle_Agriculture_Soilwater,0.0,0.0
2025-08-13T00:00:00,Middle_Agriculture_Soilwater,0.0,0.0
2025-08-14T00:00:00,Middle_Agriculture_Soilwater,0.0,0.0
2025-08-15T00:00:00,Middle_Agriculture_Soilwater,0.0,0.0
2025-08-16T00:00:00,Middle_Agriculture_Soilwater,0.0,0.0
2025-08-17T00:00:00,Middle_Agriculture_Soilwater,0.0,0.0
2025-08-18T00:00:00,Middle_Agriculture_Soilwater,0.0,0.0
2025-08-19T00:00:00,Middle_Agriculture_Soilwater,0.0,0.0
2025-08-20T00:00:00,Middle_Agriculture_Soilwater,0.0,0.0
2025-08-21T00:00:00,Middle_Agriculture_Soilwater,0.0,0.0
2025-08-22T00:00:00,Middle_Agriculture_Soilwater,0.0,0.0
2025-08-23T00:00:00,Middle_Agriculture_Soilwater,0.0,0.0
2025-08-24T00:00:00,Middle_Agriculture_Soilwater,0.0,0.0
2025-08-25T00:00:00,Middle_Agriculture_Soilwater,0.0,0.0
2025-08-26T00:00:00,Middle_Agriculture_Soilwater,0.0,0.0
2025-08-27T00:00:00,Middle_Agriculture_Soilwater,0.0,0.0
2025-08-28T00:00:00,Middle_Agriculture_Soilwater,0.0,0.0
2025-08-29T00:00:00,Middle_Agriculture_Soilwater,0.0,0.0
2025-08-30T00:00:00,Middle_Agriculture_Soilwater,0.0,0.0
2025-08-31T00:00:00,Middle_Agriculture_Soilwater,0.0,0.0
2025-09-01T00:00:00,Middle_Agriculture_Soilwater,0.0,0.0
2025-09-02T00:00:00,Middle_Agriculture_Soilwater,0.0,0.0
2025-09-03T00:00:00,Middle_Agriculture_Soilwater,0.0,0.0
2025-09-04T00:00:00,Middle_Agriculture_Soilwater,0.0,0.0
2025-09-05T00:00:00,Middle_Agriculture_Soilwater,0.0,0.0
2025-09-06T00:00:00,Middle_Agriculture_Soilwater,0.0,0.0
2025-09-07T00:00:00,Middle_Agriculture_Soilwater,0.0,0.0
2025-09-08T00:00:00,Middle_Agriculture_Soilwater,0.0,0.0
2025-09-09T00:00:00,Middle_Agriculture_Soilwater,0.0,0.0
2025-09-10T00:00:00,Middle_Agriculture_Soilwater,0.0,0.0
2025-09-11T00:00:00,Middle_Agriculture_Soilwater,0.0,0.0
2025-09-12T00:00:00,Middle_Agriculture_Soilwater,0.0,0.0
2025-09-13T00:00:00,Middle_Agriculture_Soilwater,0.0,0.0
2025-09-14T00:00:00,Middle_Agriculture_Soilwater,0.0,0.0
2025-09-15T00:00:00,Middle_Agriculture_Soilwater,0.0,0.0
2025-09-16T00:00:00,Middle_Agriculture_Soilwater,0.0,0.0
2025-09-17T00:00:00,Middle_Agriculture_Soilwater,0.0,0.0
2025-09-18T00:00:00,Middle_Agriculture_Soilwater,0.0,0.0
2025-09-19T00:00:00,Middle_Agriculture_Soilwater,0.0,0.0
2025-09-20T00:00:00,Middle_Agriculture_Soilwater,0.0,0.0
2025-09-21T00:00:00,Middle_Agriculture_Soilwater,0.0,0.0
2025-09-22T00:00:00,Middle_Agriculture_Soilwater,0.0,0.0
2025-09-23T00:00:00,Middle_Agriculture_Soilwater,0.0,0.0
2025-09-24T00:00:00,Middle_Agriculture_Soilwater,0.0,0.0
2025-09-25T00:00:00,Middle_Agriculture_Soilwater,0.0,0.0
2025-09-26T00:00:00,Middle_Agriculture_Soilwater,0.0,0.0
2025-09-27T00:00:00,Middle_Agriculture_Soilwater,0.0,0.0
2025-09-28T00:00:00,Middle_Agriculture_Soilwater,0.0,0.0
2025-09-29T00:00:00,Middle_Agriculture_Soilwater,0.0,0.0
2025-09-30T00:00:00,Middle_Agriculture_Soilwater,0.0,0.0
2025-10-01T00:00:00,Middle_Agriculture_Soilwater,0.0,0.0
2025-10-02T00:00:00,Middle_Agriculture_Soilwater,0.0,0.0
2025-10-03T00:00:00,Middle_Agriculture_Soilwater,0.0,0.0
2025-10-04T00:00:00,Middle_Agriculture_Soilwater,0.0,0.0
2025-10-05T00:00:00,Middle_Agriculture_Soilwater,0.0,0.0
2025-10-06T00:00:00,Middle_Agriculture_Soilwater,0.0,0.0
2025-10-07T00:00:00,Middle_Agriculture_Soilwater,0.0,0.0
2025-10-08T00:00:00,Middle_Agriculture_Soilwater,0.0,0.0
2025-10-09T00:00:00,Middle_Agriculture_Soilwater,0.0,0.0
2025-10-10T00:00:00,Middle_Agriculture_Soilwater,0.0,0.0
2025-10-11T00:00:00,Middle_Agriculture_Soilwater,0.0,0.0
2025-10-12T00:00:00,Middle_Agriculture_Soilwater,0.0,0.0
2025-10-13T00:00:00,Middle_Agriculture_Soilwater,0.0,0.0
2025-10-14T00:00:00,Middle_Agriculture_Soilwater,0.0,0.0
2025-10-15T00:00:00,Middle_Agriculture_Soilwater,0.0,0.0
2025-10-16T00:00:00,Middle_Agriculture_Soilwater,0.0,0.0
2025-10-17T00:00:00,Middle_Agriculture_Soilwater,0.0,0.0
2025-10-18T00:00:00,Middle_Agriculture_Soilwater,0.0,0.0
2025-10-19T00:00:00,Middle_Agriculture_Soilwater,0.0,0.0
2025-10-20T00:00:00,Middle_Agriculture_Soilwater,0.0,0.0
2025-10-21T00:00:00,Middle_Agriculture_Soilwater,0.0,0.0
2025-10-22T00:00:00,Middle_Agriculture_Soilwater,0.0,0.0
2025-10-23T00:00:00,Middle_Agriculture_Soilwater,0.0,0.0
2025-10-24T00:00:00,Middle_Agriculture_Soilwater,0.0,0.0
2025-10-25T00:00:00,Middle_Agriculture_Soilwater,0.0,0.0
2025-10-26T00:00:00,Middle_Agriculture_Soilwater,0.0,0.0
2025-10-27T00:00:00,Middle_Agriculture_Soilwater,0.0,0.0
2025-10-28T00:00:00,Middle_Agriculture_Soilwater,0.0,0.0
2025-10-29T00:00:00,Middle_Agriculture_Soilwater,0.0,0.0
2025-10-30T00:00:00,Middle_Agriculture_Soilwater,0.0,0.0
2025-10-31T00:00:00,Middle_Agriculture_Soilwater,0.0,0.0
2025-11-01T00:00:00,Middle_Agriculture_Soilwater,0.0,0.0
2025-11-02T00:00:00,Middle_Agriculture_Soilwater,0.0,0.0
2025-11-03T00:00:00,Middle_Agriculture_Soilwater,0.0,0.0
2025-11-04T00:00:00,Middle_Agriculture_Soilwater,0.0,0.0
2025-11-05T00:00:00,Middle_Agriculture_Soilwater,0.0,0.0
2025-11-06T00:00:00,Middle_Agriculture_Soilwater,0.0,0.0
2025-11-07T00:00:00,Middle_Agriculture_Soilwater,0.0,0.0
2025-11-08T00:00:00,Middle_Agriculture_Soilwater,0.0,0.0
2025-11-09T00:00:00,Middle_Agriculture_Soilwater,0.0,0.0
2025-11-10T00:00:00,Middle_Agriculture_Soilwater,0.0,0.0
2025-11-11T00:00:00,Middle_Agriculture_Soilwater,0.0,0.0
2025-11-12T00:00:00,Middle_Agriculture_Soilwater,0.0,0.0
2025-11-13T00:00:00,Middle_Agriculture_Soilwater,0.0,0.0
2025-11-14T00:00:00,Middle_Agriculture_Soilwater,0.0,0.0
2025-11-15T00:00:00,Middle_Agriculture_Soilwater,0.0,0.0
2025-11-16T00:00:00,Middle_Agriculture_Soilwater,0.0,0.0
2025-11-17T00:00:00,Middle_Agriculture_Soilwater,0.0,0.0
2025-11-18T00:00:00,Middle_Agriculture_Soilwater,0.0,0.0
2025-11-19T00:00:00,Middle_Agriculture_Soilwater,0.0,0.0
2025-11-20T00:00:00,Middle_Agriculture_Soilwater,0.0,0.0
2025-11-21T00:00:00,Middle_Agriculture_Soilwater,0.0,0.0
2025-11-22T00:00:00,Middle_Agriculture_Soilwater,0.0,0.0
2025-11-23T00:00:00,Middle_Agriculture_Soilwater,0.0,0.0
2025-11-24T00:00:00,Middle_Agriculture_Soilwater,0.0,0.0
2025-11-25T00:00:00,Middle_Agriculture_Soilwater,0.0,0.0
2025-11-26T00:00:00,Middle_Agriculture_Soilwater,0.0,0.0
2025-11-27T00:00:00,Middle_Agriculture_Soilwater,0.0,0.0
2025-11-28T00:00:00,Middle_Agriculture_Soilwater,0.0,0.0
2025-11-29T00:00:00,Middle_Agriculture_Soilwater,0.0,0.0
2025-11-30T00:00:00,Middle_Agriculture_Soilwater,0.0,0.0
2025-12-01T00:00:00,Middle_Agriculture_Soilwater,0.0,0.0
2025-12-02T00:00:00,Middle_Agriculture_Soilwater,0.0,0.0
2025-12-03T00:00:00,Middle_Agriculture_Soilwater,0.0,0.0
2025-12-04T00:00:00,Middle_Agriculture_Soilwater,0.0,0.0
2025-12-05T00:00:00,Middle_Agriculture_Soilwater,0.0,0.0
2025-12-06T00:00:00,Middle_Agriculture_Soilwater,0.0,0.0
2025-12-07T00:00:00,Middle_Agriculture_Soilwater,0.0,0.0
2025-12-08T00:00:00,Middle_Agriculture_Soilwater,0.0,0.0
2025-12-09T00:00:00,Middle_Agriculture_Soilwater,0.0,0.0
2025-12-10T00:00:00,Middle_Agriculture_Soilwater,0.0,0.0
2025-12-11T00:00:00,Middle_Agriculture_Soilwater,0.0,0.0
2025-12-12T00:00:00,Middle_Agriculture_Soilwater,0.0,0.0
2025-12-13T00:00:00,Middle_Agriculture_Soilwater,0.0,0.0
2025-12-14T00:00:00,Middle_Agriculture_Soilwater,0.0,0.0
2025-12-15T00:00:00,Middle_Agriculture_Soilwater,0.0,0.0
2025-12-16T00:00:00,Middle_Agriculture_Soilwater,0.0,0.0
2025-12-17T00:00:00,Middle_Agriculture_Soilwater,0.0,0.0
2025-12-18T00:00:00,Middle_Agriculture_Soilwater,0.0,0.0
2025-12-19T00:00:00,Middle_Agriculture_Soilwater,0.0,0.0
2025-12-20T00:00:00,Middle_Agriculture_Soilwater,0.0,0.0
2025-12-21T00:00:00,Middle_Agriculture_Soilwater,0.0,0.0
2025-12-22T00:00:00,Middle_Agriculture_Soilwater,0.0,0.0
2025-12-23T00:00:00,Middle_Agriculture_Soilwater,0.0,0.0
2025-12-24T00:00:00,Middle_Agriculture_Soilwater,0.0,0.0
2025-12-25T00:00:00,Middle_Agriculture_Soilwater,0.0,0.0
2025-12-26T00:00:00,Middle_Agriculture_Soilwater,0.0,0.0
2025-12-27T00:00:00,Middle_Agriculture_Soilwater,0.0,0.0
2025-12-28T00:00:00,Middle_Agriculture_Soilwater,0.0,0.0
2025-12-29T00:00:00,Middle_Agriculture_Soilwater,0.0,0.0
2025-12-30T00:00:00,Middle_Agriculture_Soilwater,0.0,0.0
2025-12-31T00:00:00,Middle_Agriculture_Soilwater,0.0,0.0
2026-01-01T00:00:00,Middle_Agriculture_Soilwater,0.0,0.0
2026-01-02T00:00:00,Middle_Agriculture_Soilwater,0.0,0.0
2026-01-03T00:00:00,Middle_Agriculture_Soilwater,0.0,0.0
2026-01-04T00:00:00,Middle_Agriculture_Soilwater,0.0,0.0
2026-01-05T00:00:00,Middle_Agriculture_Soilwater,0.0,0.0
2026-01-06T00:00:00,Middle_Agriculture_Soilwater,0.0,0.0
2026-01-07T00:00:00,Middle_Agriculture_Soilwater,0.0,0.0
2026-01-08T00:00:00,Middle_Agriculture_Soilwater,0.0,0.0
2026-01-09T00:00:00,Middle_Agriculture_Soilwater,0.0,0.0
2026-01-10T00:00:00,Middle_Agriculture_Soilwater,0.0,0.0
2026-01-11T00:00:00,Middle_Agriculture_Soilwater,0.0,0.0
2026-01-12T00:00:00,Middle_Agriculture_Soilwater,0.0,0.0
2026-01-13T00:00:00,Middle_Agriculture_Soilwater,0.0,0.0
2026-01-14T00:00:00,Middle_Agriculture_Soilwater,0.0,0.0
2026-01-15T00:00:00,Middle_Agriculture_Soilwater,0.0,0.0
2026-01-16T00:00:00,Middle_Agriculture_Soilwater,0.0,0.0
2026-01-17T00:00:00,Middle_Agriculture_Soilwater,0.0,0.0
2026-01-18T00:00:00,Middle_Agriculture_Soilwater,0.0,0.0
2026-01-19T00:00:00,Middle_Agriculture_Soilwater,0.0,0.0
2026-01-20T00:00:00,Middle_Agriculture_Soilwater,0.0,0.0
2026-01-21T00:00:00,Middle_Agriculture_Soilwater,0.0,0.0
2026-01-22T00:00:00,Middle_Agriculture_Soilwater,0.0,0.0
2026-01-23T00:00:00,Middle_Agriculture_Soilwater,0.0,0.0
2026-01-24T00:00:00,Middle_Agriculture_Soilwater,0.0,0.0
2026-01-25T00:00:00,Middle_Agriculture_Soilwater,0.0,0.0
2026-01-26T00:00:00,Middle_Agriculture_Soilwater,0.0,0.0
2026-01-27T00:00:00,Middle_Agriculture_Soilwater,0.0,0.0
2026-01-28T00:00:00,Middle_Agriculture_Soilwater,0.0,0.0
2026-01-29T00:00:00,Middle_Agriculture_Soilwater,0.0,0.0
2026-01-30T00:00:00,Middle_Agriculture_Soilwater,0.0,0.0
2026-01-31T00:00:00,Middle_Agriculture_Soilwater,0.0,0.0
2026-02-01T00:00:00,Middle_Agriculture_Soilwater,0.0,0.0
2026-02-02T00:00:00,Middle_Agriculture_Soilwater,0.0,0.0
2026-02-03T00:00:00,Middle_Agriculture_Soilwater,0.0,0.0
2026-02-04T00:00:00,Middle_Agriculture_Soilwater,0.0,0.0
2026-02-05T00:00:00,Middle_Agriculture_Soilwater,0.0,0.0
2026-02-06T00:00:00,Middle_Agriculture_Soilwater,0.019416493950097903,0.011649896370058742
2026-02-07T00:00:00,Middle_Agriculture_Soilwater,0.09602967077675545,0.05761780246605327
2026-02-08T00:00:00,Middle_Agriculture_Soilwater,0.13670422911675928,0.08202253747005557
2026-02-09T00:00:00,Middle_Agriculture_Soilwater,0.15150903362645068,0.0909054201758704
2026-02-10T00:00:00,Middle_Agriculture_Soilwater,0.17534801676122244,0.10520881005673346
2026-02-11T00:00:00,Middle_Agriculture_Soilwater,0.18316447656913512,0.10989868594148107
2026-02-12T00:00:00,Middle_Agriculture_Soilwater,0.19284816424785733,0.1157088985487144
2026-02-13T00:00:00,Middle_Agriculture_Soilwater,0.1881598332615056,0.11289589995690336
2026-02-14T00:00:00,Middle_Agriculture_Soilwater,0.17399777773903224,0.10439866664341935
2026-02-15T00:00:00,Middle_Agriculture_Soilwater,0.15308908044298733,0.09185344826579239
2026-02-16T00:00:00,Middle_Agriculture_Soilwater,0.12935959937420877,0.07761575962452526
2026-02-17T00:00:00,Middle_Agriculture_Soilwater,0.11175130553294253,0.06705078331976552
2026-02-18T00:00:00,Middle_Agriculture_Soilwater,0.08859507446618409,0.05315704467971045
2026-02-19T00:00:00,Middle_Agriculture_Soilwater,0.07287984928472611,0.043727909570835666
2026-02-20T00:00:00,Middle_Agriculture_Soilwater,0.05715044566762231,0.034290267400573386
2026-02-21T00:00:00,Middle_Agriculture_Soilwater,0.049132669735638505,0.029479601841383103
2026-02-22T00:00:00,Middle_Agriculture_Soilwater,0.04426767180610228,0.026560603083661365
2026-02-23T00:00:00,Middle_Agriculture_Soilwater,0.016870528583297073,0.010122317149978244
2026-02-24T00:00:00,Middle_Agriculture_Soilwater,0.0062461372869904615,0.0037476823721942767
2026-02-25T00:00:00,Middle_Agriculture_Soilwater,0.015957555327753427,0.009574533196652055
2026-02-26T00:00:00,Middle_Agriculture_Soilwater,0.046285319296578115,0.027771191577946868
2026-02-27T00:00:00,Middle_Agriculture_Soilwater,0.05263668219108695,0.03158200931465217
2026-02-28T00:00:00,Middle_Agriculture_Soilwater,0.049007646586466086,0.02940458795187965
2026-03-01T00:00:00,Middle_Agriculture_Soilwater,0.048719869462672705,0.02923192167760362
2026-03-02T00:00:00,Middle_Agriculture_Soilwater,0.046428662206864146,0.027857197324118486
2026-03-03T00:00:00,Middle_Agriculture_Soilwater,0.04198777043486075,0.02519266226091645
2026-03-04T00:00:00,Middle_Agriculture_Soilwater,0.025010770395192596,0.015006462237115556
2026-03-05T00:00:00,Middle_Agriculture_Soilwater,0.01438674720456561,0.008632048322739365
2026-03-06T00:00:00,Middle_Agriculture_Soilwater,0.0,0.0
2026-03-07T00:00:00,Middle_Agriculture_Soilwater,0.0,0.0
2026-03-08T00:00:00,Middle_Agriculture_Soilwater,0.0,0.0
2026-03-09T00:00:00,Middle_Agriculture_Soilwater,0.0,0.0
2026-03-10T00:00:00,Middle_Agriculture_Soilwater,0.0,0.0
2026-03-11T00:00:00,Middle_Agriculture_Soilwater,0.0,0.0
2026-03-12T00:00:00,Middle_Agriculture_Soilwater,0.0,0.0
2026-03-13T00:00:00,Middle_Agriculture_Soilwater,0.0,0.0
2026-03-14T00:00:00,Middle_Agriculture_Soilwater,0.0,0.0
2026-03-15T00:00:00,Middle_Agriculture_Soilwater,0.0,0.0
2026-03-16T00:00:00,Middle_Agriculture_Soilwater,0.0,0.0
2026-03-17T00:00:00,Middle_Agriculture_Soilwater,0.0,0.0
2026-03-18T00:00:00,Middle_Agriculture_Soilwater,0.0,0.0
2026-03-19T00:00:00,Middle_Agriculture_Soilwater,0.021206070462551452,0.012723642277530872
2026-03-20T00:00:00,Middle_Agriculture_Soilwater,0.10294667909485043,0.06176800745691026
2026-03-21T00:00:00,Middle_Agriculture_Soilwater,0.1389867416597042,0.08339204499582252
2026-03-22T00:00:00,Middle_Agriculture_Soilwater,0.18776096128427186,0.11265657677056311
2026-03-23T00:00:00,Middle_Agriculture_Soilwater,0.250249378658242,0.15014962719494518
2026-03-24T00:00:00,Middle_Agriculture_Soilwater,0.2828105029445737,0.16968630176674424
2026-03-25T00:00:00,Middle_Agriculture_Soilwater,0.31538963585978197,0.18923378151586917
2026-03-26T00:00:00,Middle_Agriculture_Soilwater,0.34969974625341255,0.2098198477520475
2026-03-27T00:00:00,Middle_Agriculture_Soilwater,0.3824768473006259,0.22948610838037553
2026-03-28T00:00:00,Middle_Agriculture_Soilwater,0.4052015306758676,0.24312091840552055
2026-03-29T00:00:00,Middle_Agriculture_Soilwater,0.4195565089030538,0.25173390534183226
2026-03-30T00:00:00,Middle_Agriculture_Soilwater,0.4269884761780418,0.2561930857068251
2026-03-31T00:00:00,Middle_Agriculture_Soilwater,0.44697848490899905,0.26818709094539944
2026-04-01T00:00:00,Middle_Agriculture_Soilwater,0.4296387889501716,0.2577832733701029
2026-04-02T00:00:00,Middle_Agriculture_Soilwater,0.3871837927885622,0.2323102756731373
2026-04-03T00:00:00,Middle_Agriculture_Soilwater,0.3318092261515915,0.19908553569095488
2026-04-04T00:00:00,Middle_Agriculture_Soilwater,0.27783191673231045,0.16669915003938626
2026-04-05T00:00:00,Middle_Agriculture_Soilwater,0.24955452238991713,0.14973271343395028
2026-04-06T00:00:00,Middle_Agriculture_Soilwater,0.23947065138503945,0.14368239083102366
2026-04-07T00:00:00,Middle_Agriculture_Soilwater,0.2541211002663317,0.15247266015979902
2026-04-08T00:00:00,Middle_Agriculture_Soilwater,0.2575347528575151,0.15452085171450905
2026-04-09T00:00:00,Middle_Agriculture_Soilwater,0.24815282756416082,0.1488916965384965
2026-04-10T00:00:00,Middle_Agriculture_Soilwater,0.22868939434635538,0.13721363660781322
2026-04-11T00:00:00,Middle_Agriculture_Soilwater,0.2348291194964759,0.14089747169788552
2026-04-12T00:00:00,Middle_Agriculture_Soilwater,0.3171943693094704,0.19031662158568224
2026-04-13T00:00:00,Middle_Agriculture_Soilwater,0.39431427796490087,0.23658856677894052
2026-04-14T00:00:00,Middle_Agriculture_Soilwater,0.4992746248325148,0.29956477489950883
2026-04-15T00:00:00,Middle_Agriculture_Soilwater,0.5333506686378655,0.3200104011827193
2026-04-16T00:00:00,Middle_Agriculture_Soilwater,0.5562471210701858,0.3337482726421115
2026-04-17T00:00:00,Middle_Agriculture_Soilwater,0.6267275036023933,0.37603650216143597
2026-04-18T00:00:00,Middle_Agriculture_Soilwater,0.6495871565992672,0.38975229395956035
2026-04-19T00:00:00,Middle_Agriculture_Soilwater,0.6697763312334758,0.4018657987400855
2026-04-20T00:00:00,Middle_Agriculture_Soilwater,0.6833147084657583,0.40998882507945494
2026-04-21T00:00:00,Middle_Agriculture_Soilwater,0.7126672833028863,0.4276003699817318
2026-04-22T00:00:00,Middle_Agriculture_Soilwater,0.7241321960879304,0.43447931765275827
2026-04-23T00:00:00,Middle_Agriculture_Soilwater,0.7496632716647582,0.44979796299885494
2026-04-24T00:00:00,Middle_Agriculture_Soilwater,0.7994773556198823,0.47968641337192935
2026-04-25T00:00:00,Middle_Agriculture_Soilwater,0.8516254446127903,0.5109752667676741
2026-04-26T00:00:00,Middle_Agriculture_Soilwater,0.8818764149781885,0.5291258489869131
2026-04-27T00:00:00,Middle_Agriculture_Soilwater,0.8891565731880178,0.5334939439128107
2026-04-28T00:00:00,Middle_Agriculture_Soilwater,0.9166215719697335,0.5499729431818401
2026-04-29T00:00:00,Middle_Agriculture_Soilwater,0.9223972779904955,0.5534383667942973
2026-04-30T00:00:00,Middle_Agriculture_Soilwater,0.9326465361783222,0.5595879217069932
2026-05-01T00:00:00,Middle_Agriculture_Soilwater,0.9334350608577666,0.56006103651466
2026-05-02T00:00:00,Middle_Agriculture_Soilwater,0.9571285061486265,0.574277103689176
2026-05-03T00:00:00,Middle_Agriculture_Soilwater,1.0498012754091008,0.6298807652454604
2026-05-04T00:00:00,Middle_Agriculture_Soilwater,1.1635536603014545,0.6981321961808726
2026-05-05T00:00:00,Middle_Agriculture_Soilwater,1.3022924645521528,0.7813754787312917
2026-05-06T00:00:00,Middle_Agriculture_Soilwater,1.4191279713496954,0.8514767828098172
2026-05-07T00:00:00,Middle_Agriculture_Soilwater,1.4870061794149365,0.8922037076489618
2026-05-08T00:00:00,Middle_Agriculture_Soilwater,1.5384280116081754,0.9230568069649052
2026-05-09T00:00:00,Middle_Agriculture_Soilwater,1.5356335973868056,0.9213801584320833
2026-05-10T00:00:00,Middle_Agriculture_Soilwater,1.5135366949845264,0.9081220169907158
2026-05-11T00:00:00,Middle_Agriculture_Soilwater,1.5113122916343003,0.9067873749805802
2026-05-12T00:00:00,Middle_Agriculture_Soilwater,1.4494694020042687,0.8696816412025612
2026-05-13T00:00:00,Middle_Agriculture_Soilwater,1.398470331020269,0.8390821986121614
2026-05-14T00:00:00,Middle_Agriculture_Soilwater,1.3335938347584773,0.8001563008550864
2026-05-15T00:00:00,Middle_Agriculture_Soilwater,1.261502843529752,0.7569017061178511
2026-05-16T00:00:00,Middle_Agriculture_Soilwater,1.1982701121991852,0.7189620673195111
2026-05-17T00:00:00,Middle_Agriculture_Soilwater,1.122894353244891,0.6737366119469346
2026-05-18T00:00:00,Middle_Agriculture_Soilwater,1.0619215904140107,0.6371529542484063
2026-05-19T00:00:00,Middle_Agriculture_Soilwater,1.0014431638895815,0.6008658983337489
2026-05-20T00:00:00,Middle_Agriculture_Soilwater,0.9288528431295391,0.5573117058777234
2026-05-21T00:00:00,Middle_Agriculture_Soilwater,0.8272272457916984,0.496336347475019
2026-05-22T00:00:00,Middle_Agriculture_Soilwater,0.7189655122174031,0.4313793073304419
2026-05-23T00:00:00,Middle_Agriculture_Soilwater,0.6296605801727821,0.3777963481036693
2026-05-24T00:00:00,Middle_Agriculture_Soilwater,0.6027789794148988,0.36166738764893924
2026-05-25T00:00:00,Middle_Agriculture_Soilwater,0.5761552748250551,0.34569316489503304
2026-05-26T00:00:00,Middle_Agriculture_Soilwater,0.5588168849953945,0.3352901309972367
2026-05-27T00:00:00,Middle_Agriculture_Soilwater,0.5292878931106885,0.31757273586641305
2026-05-28T00:00:00,Middle_Agriculture_Soilwater,0.4809899852984188,0.28859399117905127
2026-05-29T00:00:00,Middle_Agriculture_Soilwater,0.4534747801174945,0.2720848680704967
2026-05-30T00:00:00,Middle_Agriculture_Soilwater,0.4147138070288634,0.24882828421731804
2026-05-31T00:00:00,Middle_Agriculture_Soilwater,0.3758713716658747,0.2255228229995248
2026-06-01T00:00:00,Middle_Agriculture_Soilwater,0.35035210348701185,0.2102112620922071
2026-06-02T00:00:00,Middle_Agriculture_Soilwater,0.3088194297727171,0.18529165786363025
2026-06-03T00:00:00,Middle_Agriculture_Soilwater,0.30229631522096273,0.18137778913257763
2026-06-04T00:00:00,Middle_Agriculture_Soilwater,0.29744562928182744,0.17846737756909645
2026-06-05T00:00:00,Middle_Agriculture_Soilwater,0.318645390105587,0.1911872340633522
2026-06-06T00:00:00,Middle_Agriculture_Soilwater,0.3218511061081415,0.19311066366488489
2026-06-07T00:00:00,Middle_Agriculture_Soilwater,0.30300667955458493,0.18180400773275096
2026-06-08T00:00:00,Middle_Agriculture_Soilwater,0.22988789997792766,0.1379327399867566
2026-06-09T00:00:00,Middle_Agriculture_Soilwater,0.20064499133923164,0.12038699480353898
2026-06-10T00:00:00,Middle_Agriculture_Soilwater,0.15272342179213752,0.09163405307528251
2026-06-11T00:00:00,Middle_Agriculture_Soilwater,0.12007717078652719,0.0720463024719163
2026-06-12T00:00:00,Middle_Agriculture_Soilwater,0.12141620849138235,0.07284972509482941
2026-06-13T00:00:00,Middle_Agriculture_Soilwater,0.11775212149286177,0.07065127289571706
2026-06-14T00:00:00,Middle_Agriculture_Soilwater,0.09907578071822627,0.05944546843093576
2026-06-15T00:00:00,Middle_Agriculture_Soilwater,0.06418482324721708,0.038510893948330245
2026-06-16T00:00:00,Middle_Agriculture_Soilwater,0.026091481281412143,0.015654888768847287
2026-06-17T00:00:00,Middle_Agriculture_Soilwater,0.0,0.0
2026-06-18T00:00:00,Middle_Agriculture_Soilwater,0.0,0.0
2026-06-19T00:00:00,Middle_Agriculture_Soilwater,0.0,0.0
2026-06-20T00:00:00,Middle_Agriculture_Soilwater,0.0,0.0
2026-06-21T00:00:00,Middle_Agriculture_Soilwater,0.0,0.0
2026-06-22T00:00:00,Middle_Agriculture_Soilwater,0.0,0.0
2026-06-23T00:00:00,Middle_Agriculture_Soilwater,0.0,0.0
2026-06-24T00:00:00,Middle_Agriculture_Soilwater,0.0,0.0
2026-06-25T00:00:00,Middle_Agriculture_Soilwater,0.0,0.0
2026-06-26T00:00:00,Middle_Agriculture_Soilwater,0.0,0.0
2026-06-27T00:00:00,Middle_Agriculture_Soilwater,0.0,0.0
2026-06-28T00:00:00,Middle_Agriculture_Soilwater,0.0,0.0
2026-06-29T00:00:00,Middle_Agriculture_Soilwater,0.029744268290721722,0.01784656097443303
2026-06-30T00:00:00,Middle_Agriculture_Soilwater,0.1447624114032635,0.0868574468419581
2026-07-01T00:00:00,Middle_Agriculture_Soilwater,0.23412311957402496,0.14047387174441497
2026-07-02T00:00:00,Middle_Agriculture_Soilwater,0.30926951654205936,0.1855617099252356
2026-07-03T00:00:00,Middle_Agriculture_Soilwater,0.36146867564801255,0.21688120538880754
2026-07-04T00:00:00,Middle_Agriculture_Soilwater,0.3842691259491744,0.23056147556950463
2026-07-05T00:00:00,Middle_Agriculture_Soilwater,0.39920898125180315,0.23952538875108187
2026-07-06T00:00:00,Middle_Agriculture_Soilwater,0.40826071968896827,0.24495643181338095
2026-07-07T00:00:00,Middle_Agriculture_Soilwater,0.3950154751716355,0.23700928510298128
2026-07-08T00:00:00,Middle_Agriculture_Soilwater,0.3383148541790547,0.2029889125074328
2026-07-09T00:00:00,Middle_Agriculture_Soilwater,0.28578383899691745,0.17147030339815048
2026-07-10T00:00:00,Middle_Agriculture_Soilwater,0.22128933285487165,0.132773599712923
2026-07-11T00:00:00,Middle_Agriculture_Soilwater,0.15693916227853608,0.09416349736712164
2026-07-12T00:00:00,Middle_Agriculture_Soilwater,0.10561122339800591,0.06336673403880354
2026-07-13T00:00:00,Middle_Agriculture_Soilwater,0.05947693521625297,0.03568616112975178
2026-07-14T00:00:00,Middle_Agriculture_Soilwater,0.019785392436870098,0.011871235462122058
2026-07-15T00:00:00,Middle_Agriculture_Soilwater,0.001418479770296699,0.0008510878621780195
2026-07-16T00:00:00,Middle_Agriculture_Soilwater,0.0,0.0
2026-07-17T00:00:00,Middle_Agriculture_Soilwater,0.0,0.0
2026-07-18T00:00:00,Middle_Agriculture_Soilwater,0.0,0.0
2026-07-19T00:00:00,Middle_Agriculture_Soilwater,0.0,0.0
2026-07-20T00:00:00,Middle_Agriculture_Soilwater,0.0,0.0
2026-07-21T00:00:00,Middle_Agriculture_Soilwater,0.0,0.0
2026-07-22T00:00:00,Middle_Agriculture_Soilwater,0.0,0.0
2026-07-23T00:00:00,Middle_Agriculture_Soilwater,0.0,0.0
2026-07-24T00:00:00,Middle_Agriculture_Soilwater,0.0,0.0
2026-07-25T00:00:00,Middle_Agriculture_Soilwater,0.0,0.0
2026-07-26T00:00:00,Middle_Agriculture_Soilwater,0.0,0.0
2026-07-27T00:00:00,Middle_Agriculture_Soilwater,0.0,0.0
2026-07-28T00:00:00,Middle_Agriculture_Soilwater,0.0,0.0
2026-07-29T00:00:00,Middle_Agriculture_Soilwater,0.0,0.0
2026-07-30T00:00:00,Middle_Agriculture_Soilwater,0.0,0.0
2026-07-31T00:00:00,Middle_Agriculture_Soilwater,0.0,0.0
2026-08-01T00:00:00,Middle_Agriculture_Soilwater,0.0,0.0
2026-08-02T00:00:00,Middle_Agriculture_Soilwater,0.0,0.0
2026-08-03T00:00:00,Middle_Agriculture_Soilwater,0.0,0.0
2026-08-04T00:00:00,Middle_Agriculture_Soilwater,0.0,0.0
2026-08-05T00:00:00,Middle_Agriculture_Soilwater,0.0,0.0
2026-08-06T00:00:00,Middle_Agriculture_Soilwater,0.0,0.0
2026-08-07T00:00:00,Middle_Agriculture_Soilwater,0.0,0.0
2026-08-08T00:00:00,Middle_Agriculture_Soilwater,0.0,0.0
2026-08-09T00:00:00,Middle_Agriculture_Soilwater,0.0,0.0
2026-08-10T00:00:00,Middle_Agriculture_Soilwater,0.0,0.0
2026-08-11T00:00:00,Middle_Agriculture_Soilwater,0.0,0.0
2026-08-12T00:00:00,Middle_Agriculture_Soilwater,0.0,0.0
2026-08-13T00:00:00,Middle_Agriculture_Soilwater,0.0,0.0
2026-08-14T00:00:00,Middle_Agriculture_Soilwater,0.0,0.0
2026-08-15T00:00:00,Middle_Agriculture_Soilwater,0.0,0.0
2026-08-16T00:00:00,Middle_Agriculture_Soilwater,0.0,0.0
2026-08-17T00:00:00,Middle_Agriculture_Soilwater,0.0,0.0
2026-08-18T00:00:00,Middle_Agriculture_Soilwater,0.0,0.0
2026-08-19T00:00:00,Middle_Agriculture_Soilwater,0.0,0.0
2026-08-20T00:00:00,Middle_Agriculture_Soilwater,0.04360840316315376,0.026165041897892254
2026-08-21T00:00:00,Middle_Agriculture_Soilwater,0.14386061265932995,0.08631636759559796
2026-08-22T00:00:00,Middle_Agriculture_Soilwater,0.20870265986099526,0.12522159591659715
2026-08-23T00:00:00,Middle_Agriculture_Soilwater,0.2415435096775582,0.14492610580653492
2026-08-24T00:00:00,Middle_Agriculture_Soilwater,0.253868799295833,0.1523212795774998
2026-08-25T00:00:00,Middle_Agriculture_Soilwater,0.2518881413482234,0.15113288480893403
2026-08-26T00:00:00,Middle_Agriculture_Soilwater,0.23158456336081487,0.1389507380164889
2026-08-27T00:00:00,Middle_Agriculture_Soilwater,0.21302063773922555,0.12781238264353534
2026-08-28T00:00:00,Middle_Agriculture_Soilwater,0.1900412879719795,0.11402477278318769
2026-08-29T00:00:00,Middle_Agriculture_Soilwater,0.15499669268988897,0.09299801561393338
2026-08-30T00:00:00,Middle_Agriculture_Soilwater,0.2743813308572158,0.16462879851432946
2026-08-31T00:00:00,Middle_Agriculture_Soilwater,0.38165034719145297,0.22899020831487177
2026-09-01T00:00:00,Middle_Agriculture_Soilwater,0.47372974695027215,0.2842378481701633
2026-09-02T00:00:00,Middle_Agriculture_Soilwater,0.5638356723763253,0.3383014034257951
2026-09-03T00:00:00,Middle_Agriculture_Soilwater,0.6038492970658411,0.36230957823950466
2026-09-04T00:00:00,Middle_Agriculture_Soilwater,0.6068152946391479,0.3640891767834887
2026-09-05T00:00:00,Middle_Agriculture_Soilwater,0.5857910542725904,0.3514746325635542
2026-09-06T00:00:00,Middle_Agriculture_Soilwater,0.5515144181238611,0.3309086508743167
2026-09-07T00:00:00,Middle_Agriculture_Soilwater,0.5294548350257856,0.31767290101547135
2026-09-08T00:00:00,Middle_Agriculture_Soilwater,0.5018149334570012,0.3010889600742007
2026-09-09T00:00:00,Middle_Agriculture_Soilwater,0.4550862820335283,0.273051769220117
2026-09-10T00:00:00,Middle_Agriculture_Soilwater,0.37694702974200145,0.22616821784520086
2026-09-11T00:00:00,Middle_Agriculture_Soilwater,0.2860069469066218,0.17160416814397308
2026-09-12T00:00:00,Middle_Agriculture_Soilwater,0.17217631943181005,0.10330579165908603
2026-09-13T00:00:00,Middle_Agriculture_Soilwater,0.11741102071016485,0.07044661242609891
2026-09-14T00:00:00,Middle_Agriculture_Soilwater,0.09759992762944308,0.05855995657766585
2026-09-15T00:00:00,Middle_Agriculture_Soilwater,0.07751367023049056,0.04650820213829434
2026-09-16T00:00:00,Middle_Agriculture_Soilwater,0.04436684685321666,0.026620108111929993
2026-09-17T00:00:00,Middle_Agriculture_Soilwater,0.038280069630911844,0.022968041778547107
2026-09-18T00:00:00,Middle_Agriculture_Soilwater,0.037302252111805954,0.02238135126708357
2026-09-19T00:00:00,Middle_Agriculture_Soilwater,0.01987828830930312,0.01192697298558187
2026-09-20T00:00:00,Middle_Agriculture_Soilwater,0.0,0.0
2026-09-21T00:00:00,Middle_Agriculture_Soilwater,0.0,0.0
2026-09-22T00:00:00,Middle_Agriculture_Soilwater,0.0,0.0
2026-09-23T00:00:00,Middle_Agriculture_Soilwater,0.0,0.0
2026-09-24T00:00:00,Middle_Agriculture_Soilwater,0.0,0.0
2026-09-25T00:00:00,Middle_Agriculture_Soilwater,0.0,0.0
2026-09-26T00:00:00,Middle_Agriculture_Soilwater,0.0,0.0
2026-09-27T00:00:00,Middle_Agriculture_Soilwater,0.0,0.0
2026-09-28T00:00:00,Middle_Agriculture_Soilwater,0.0,0.0
2026-09-29T00:00:00,Middle_Agriculture_Soilwater,0.0,0.0
2026-09-30T00:00:00,Middle_Agriculture_Soilwater,0.0,0.0
2026-10-01T00:00:00,Middle_Agriculture_Soilwater,0.0,0.0
2026-10-02T00:00:00,Middle_Agriculture_Soilwater,0.0,0.0
2026-10-03T00:00:00,Middle_Agriculture_Soilwater,0.0,0.0
2026-10-04T00:00:00,Middle_Agriculture_Soilwater,0.0,0.0
2026-10-05T00:00:00,Middle_Agriculture_Soilwater,0.0,0.0
2026-10-06T00:00:00,Middle_Agriculture_Soilwater,0.0,0.0
2026-10-07T00:00:00,Middle_Agriculture_Soilwater,0.0,0.0
2026-10-08T00:00:00,Middle_Agriculture_Soilwater,0.0,0.0
2026-10-09T00:00:00,Middle_Agriculture_Soilwater,0.0,0.0
2026-10-10T00:00:00,Middle_Agriculture_Soilwater,0.0,0.0
2026-10-11T00:00:00,Middle_Agriculture_Soilwater,0.0,0.0
2026-10-12T00:00:00,Middle_Agriculture_Soilwater,0.0,0.0
2026-10-13T00:00:00,Middle_Agriculture_Soilwater,0.0,0.0
2026-10-14T00:00:00,Middle_Agriculture_Soilwater,0.0,0.0
2026-10-15T00:00:00,Middle_Agriculture_Soilwater,0.0,0.0
2026-10-16T00:00:00,Middle_Agriculture_Soilwater,0.0,0.0
2026-10-17T00:00:00,Middle_Agriculture_Soilwater,0.0,0.0
2026-10-18T00:00:00,Middle_Agriculture_Soilwater,0.0,0.0
2026-10-19T00:00:00,Middle_Agriculture_Soilwater,0.0,0.0
2026-10-20T00:00:00,Middle_Agriculture_Soilwater,0.0,0.0
2026-10-21T00:00:00,Middle_Agriculture_Soilwater,0.0,0.0
2026-10-22T00:00:00,Middle_Agriculture_Soilwater,0.0,0.0
2026-10-23T00:00:00,Middle_Agriculture_Soilwater,0.0,0.0
2026-10-24T00:00:00,Middle_Agriculture_Soilwater,0.0,0.0
2026-10-25T00:00:00,Middle_Agriculture_Soilwater,0.0,0.0
2026-10-26T00:00:00,Middle_Agriculture_Soilwater,0.0,0.0
2026-10-27T00:00:00,Middle_Agriculture_Soilwater,0.0,0.0
2026-10-28T00:00:00,Middle_Agriculture_Soilwater,0.0,0.0
2026-10-29T00:00:00,Middle_Agriculture_Soilwater,0.0,0.0
2026-10-30T00:00:00,Middle_Agriculture_Soilwater,0.0,0.0
2026-10-31T00:00:00,Middle_Agriculture_Soilwater,0.005417443687690593,0.003250466212614356
2026-11-01T00:00:00,Middle_Agriculture_Soilwater,0.1395501357909552,0.08373008147457313
2026-11-02T00:00:00,Middle_Agriculture_Soilwater,0.23494829685487276,0.14096897811292364
2026-11-03T00:00:00,Middle_Agriculture_Soilwater,0.29086332434810064,0.1745179946088604
2026-11-04T00:00:00,Middle_Agriculture_Soilwater,0.31706549973777104,0.1902392998426626
2026-11-05T00:00:00,Middle_Agriculture_Soilwater,0.3331746068060227,0.1999047640836136
2026-11-06T00:00:00,Middle_Agriculture_Soilwater,0.3158716010996102,0.18952296065976612
2026-11-07T00:00:00,Middle_Agriculture_Soilwater,0.2737985413755098,0.16427912482530588
2026-11-08T00:00:00,Middle_Agriculture_Soilwater,0.21923010485796227,0.13153806291477735
2026-11-09T00:00:00,Middle_Agriculture_Soilwater,0.16694646113926412,0.10016787668355846
2026-11-10T00:00:00,Middle_Agriculture_Soilwater,0.09865669966117707,0.05919401979670624
2026-11-11T00:00:00,Middle_Agriculture_Soilwater,0.037014334958229256,0.022208600974937553
2026-11-12T00:00:00,Middle_Agriculture_Soilwater,0.0,0.0
2026-11-13T00:00:00,Middle_Agriculture_Soilwater,0.0,0.0
2026-11-14T00:00:00,Middle_Agriculture_Soilwater,0.0,0.0
2026-11-15T00:00:00,Middle_Agriculture_Soilwater,0.0,0.0
2026-11-16T00:00:00,Middle_Agriculture_Soilwater,0.0,0.0
2026-11-17T00:00:00,Middle_Agriculture_Soilwater,0.0,0.0
2026-11-18T00:00:00,Middle_Agriculture_Soilwater,0.0,0.0
2026-11-19T00:00:00,Middle_Agriculture_Soilwater,0.0,0.0
2026-11-20T00:00:00,Middle_Agriculture_Soilwater,0.0,0.0
2026-11-21T00:00:00,Middle_Agriculture_Soilwater,0.0,0.0
2026-11-22T00:00:00,Middle_Agriculture_Soilwater,0.0,0.0
2026-11-23T00:00:00,Middle_Agriculture_Soilwater,0.0,0.0
2026-11-24T00:00:00,Middle_Agriculture_Soilwater,0.0,0.0
2026-11-25T00:00:00,Middle_Agriculture_Soilwater,0.0,0.0
2026-11-26T00:00:00,Middle_Agriculture_Soilwater,0.0,0.0
2026-11-27T00:00:00,Middle_Agriculture_Soilwater,0.0,0.0
2026-11-28T00:00:00,Middle_Agriculture_Soilwater,0.0,0.0
2026-11-29T00:00:00,Middle_Agriculture_Soilwater,0.0,0.0
2026-11-30T00:00:00,Middle_Agriculture_Soilwater,0.0,0.0
2026-12-01T00:00:00,Middle_Agriculture_Soilwater,0.0,0.0
2026-12-02T00:00:00,Middle_Agriculture_Soilwater,0.0,0.0
2026-12-03T00:00:00,Middle_Agriculture_Soilwater,0.0,0.0
2026-12-04T00:00:00,Middle_Agriculture_Soilwater,0.0,0.0
2026-12-05T00:00:00,Middle_Agriculture_Soilwater,0.0,0.0
2026-12-06T00:00:00,Middle_Agriculture_Soilwater,0.0,0.0
2026-12-07T00:00:00,Middle_Agriculture_Soilwater,0.0,0.0
2026-12-08T00:00:00,Middle_Agriculture_Soilwater,0.0,0.0
2026-12-09T00:00:00,Middle_Agriculture_Soilwater,0.0,0.0
2026-12-10T00:00:00,Middle_Agriculture_Soilwater,0.0,0.0
2026-12-11T00:00:00,Middle_Agriculture_Soilwater,0.0,0.0
2026-12-12T00:00:00,Middle_Agriculture_Soilwater,0.0,0.0
2026-12-13T00:00:00,Middle_Agriculture_Soilwater,0.0,0.0
2026-12-14T00:00:00,Middle_Agriculture_Soilwater,0.0,0.0
2026-12-15T00:00:00,Middle_Agriculture_Soilwater,0.0,0.0
2026-12-16T00:00:00,Middle_Agriculture_Soilwater,0.0,0.0
2026-12-17T00:00:00,Middle_Agriculture_Soilwater,0.0,0.0
2026-12-18T00:00:00,Middle_Agriculture_Soilwater,0.0,0.0
2026-12-19T00:00:00,Middle_Agriculture_Soilwater,0.004664206061903542,0.002798523637142125
2026-12-20T00:00:00,Middle_Agriculture_Soilwater,0.14976033046137902,0.0898561982768274
2026-12-21T00:00:00,Middle_Agriculture_Soilwater,0.2745876788294311,0.16475260729765864
2026-12-22T00:00:00,Middle_Agriculture_Soilwater,0.36596140876471284,0.2195768452588277
2026-12-23T00:00:00,Middle_Agriculture_Soilwater,0.4399261522882853,0.26395569137297115
2026-12-24T00:00:00,Middle_Agriculture_Soilwater,0.49176851483767337,0.295061108902604
2026-12-25T00:00:00,Middle_Agriculture_Soilwater,0.563915870627028,0.3383495223762168
2026-12-26T00:00:00,Middle_Agriculture_Soilwater,0.5980222519283246,0.35881335115699475
2026-12-27T00:00:00,Middle_Agriculture_Soilwater,0.6294863800812665,0.37769182804875984
2026-12-28T00:00:00,Middle_Agriculture_Soilwater,0.6443574600843363,0.38661447605060173
2026-12-29T00:00:00,Middle_Agriculture_Soilwater,0.634564551195075,0.380738730717045
2026-12-30T00:00:00,Middle_Agriculture_Soilwater,0.6154168313010019,0.3692500987806011
2026-12-31T00:00:00,Middle_Agriculture_Soilwater,0.561235191691975,0.336741115015185
